<?xml version = '1.0' encoding = 'UTF-8'?>
<Relation class="oracle.dbtools.crest.model.design.logical.Relation" name="T CTSP INCIDENTES T CTSP INFRAESTRUTURA FK" directorySegmentName="seg_0" id="12C7DE4A-8015-1C31-BF34-549175554FEF">
<createdBy>labsfiap</createdBy>
<createdTime>2024-10-21 11:48:45 UTC</createdTime>
<ownerDesignName>CP02 Relacional</ownerDesignName>
<engineerTo>
<item key="209F1FC2-CBE4-EC9E-64EB-038B99E74511" value="true"/>
</engineerTo>
<sourcePk>81DAB8BF-D2C9-605D-1F1F-E27D59B68B64</sourcePk>
<identifying>false</identifying>
<optionalSource>true</optionalSource>
<optionalTarget>false</optionalTarget>
<sourceCardinality>1</sourceCardinality>
<sourceEntity>AE0636AF-CEB0-AEE7-95A4-D80D6A6A078F</sourceEntity>
<targetCardinalityString>*</targetCardinalityString>
<targetEntity>1FB1D3C5-3FDD-745F-07F0-83E39C995F58</targetEntity>
<transferable>true</transferable>
<deleteRule>NO ACTION</deleteRule>
</Relation>