<?xml version = '1.0' encoding = 'UTF-8'?>
<Relation class="oracle.dbtools.crest.model.design.logical.Relation" name="T CTSP VAGOES T CTSP TREM FK" directorySegmentName="seg_0" id="1B9BDF2F-F3AD-211C-15FF-FD111217015E">
<createdBy>labsfiap</createdBy>
<createdTime>2024-10-21 11:48:29 UTC</createdTime>
<ownerDesignName>CP02 Relacional</ownerDesignName>
<engineerTo>
<item key="209F1FC2-CBE4-EC9E-64EB-038B99E74511" value="true"/>
</engineerTo>
<sourcePk>51823325-5608-48C3-C50D-5B7BA4728E8F</sourcePk>
<identifying>false</identifying>
<optionalSource>true</optionalSource>
<optionalTarget>false</optionalTarget>
<sourceCardinality>1</sourceCardinality>
<sourceEntity>F08B8E3B-7B0F-272B-9060-89726CF3412C</sourceEntity>
<targetCardinalityString>*</targetCardinalityString>
<targetEntity>6951EE75-1D65-F0AB-EFFF-D7BCBD7A6FC1</targetEntity>
<transferable>true</transferable>
<deleteRule>NO ACTION</deleteRule>
</Relation>