<?xml version = '1.0' encoding = 'UTF-8'?>
<Relation class="oracle.dbtools.crest.model.design.logical.Relation" name="Relation_4" directorySegmentName="seg_0" id="27C80511-0B9A-E1A2-C2D1-518061A84664">
<createdBy>labsfiap</createdBy>
<createdTime>2024-10-21 11:45:39 UTC</createdTime>
<ownerDesignName>CP02 Relacional</ownerDesignName>
<engineerTo>
<item key="209F1FC2-CBE4-EC9E-64EB-038B99E74511" value="true"/>
</engineerTo>
<identifying>false</identifying>
<optionalSource>true</optionalSource>
<optionalTarget>false</optionalTarget>
<sourceCardinality>*</sourceCardinality>
<sourceEntity>31BE9616-9D3B-8424-96ED-C1540EF73509</sourceEntity>
<targetCardinalityString>*</targetCardinalityString>
<targetEntity>AE0636AF-CEB0-AEE7-95A4-D80D6A6A078F</targetEntity>
<transferable>true</transferable>
<deleteRule>NO ACTION</deleteRule>
</Relation>