<?xml version = '1.0' encoding = 'UTF-8'?>
<Relation class="oracle.dbtools.crest.model.design.logical.Relation" name="T CTSP HORARIOS T CTSP LINHA FK" directorySegmentName="seg_0" id="2E257E84-AD55-210C-CAB6-B8F4D80D112D">
<createdBy>labsfiap</createdBy>
<createdTime>2024-10-21 11:48:06 UTC</createdTime>
<ownerDesignName>CP02 Relacional</ownerDesignName>
<engineerTo>
<item key="209F1FC2-CBE4-EC9E-64EB-038B99E74511" value="true"/>
</engineerTo>
<sourcePk>760B32F2-1173-A3C8-A3C3-C7FC66D2B720</sourcePk>
<identifying>true</identifying>
<optionalSource>true</optionalSource>
<optionalTarget>false</optionalTarget>
<sourceCardinality>1</sourceCardinality>
<sourceEntity>31BE9616-9D3B-8424-96ED-C1540EF73509</sourceEntity>
<targetCardinalityString>*</targetCardinalityString>
<targetEntity>FEC4FE0C-A4A9-9C9F-0C12-B06A3D20C8D9</targetEntity>
<transferable>true</transferable>
<deleteRule>NO ACTION</deleteRule>
</Relation>