<?xml version = '1.0' encoding = 'UTF-8'?>
<Relation class="oracle.dbtools.crest.model.design.logical.Relation" name="T CTSP PASSAGENS T CTSP LINHA FK" directorySegmentName="seg_0" id="48B6DAA1-60C5-5961-343E-4BF545D9CF7E">
<createdBy>labsfiap</createdBy>
<createdTime>2024-10-21 11:45:17 UTC</createdTime>
<ownerDesignName>CP02 Relacional</ownerDesignName>
<engineerTo>
<item key="209F1FC2-CBE4-EC9E-64EB-038B99E74511" value="true"/>
</engineerTo>
<sourcePk>760B32F2-1173-A3C8-A3C3-C7FC66D2B720</sourcePk>
<identifying>false</identifying>
<optionalSource>true</optionalSource>
<optionalTarget>false</optionalTarget>
<sourceCardinality>1</sourceCardinality>
<sourceEntity>31BE9616-9D3B-8424-96ED-C1540EF73509</sourceEntity>
<targetCardinalityString>*</targetCardinalityString>
<targetEntity>0A336BE8-069C-98C0-63F1-7407112B1CE5</targetEntity>
<transferable>true</transferable>
<deleteRule>NO ACTION</deleteRule>
</Relation>