<?xml version = '1.0' encoding = 'UTF-8'?>
<Relation class="oracle.dbtools.crest.model.design.logical.Relation" name="T CTSP INCIDENTES T CTSP TREM FK" directorySegmentName="seg_0" id="55AD50CA-F50C-3C86-862E-B1C25D297AB8">
<createdBy>labsfiap</createdBy>
<createdTime>2024-10-21 11:48:25 UTC</createdTime>
<ownerDesignName>CP02 Relacional</ownerDesignName>
<engineerTo>
<item key="209F1FC2-CBE4-EC9E-64EB-038B99E74511" value="true"/>
</engineerTo>
<sourcePk>51823325-5608-48C3-C50D-5B7BA4728E8F</sourcePk>
<identifying>false</identifying>
<optionalSource>true</optionalSource>
<optionalTarget>false</optionalTarget>
<sourceCardinality>1</sourceCardinality>
<sourceEntity>F08B8E3B-7B0F-272B-9060-89726CF3412C</sourceEntity>
<targetCardinalityString>*</targetCardinalityString>
<targetEntity>1FB1D3C5-3FDD-745F-07F0-83E39C995F58</targetEntity>
<transferable>true</transferable>
<deleteRule>NO ACTION</deleteRule>
</Relation>