<?xml version = '1.0' encoding = 'UTF-8'?>
<Relation class="oracle.dbtools.crest.model.design.logical.Relation" name="T CTSP ESTACAO T CTSP LINHA FK" directorySegmentName="seg_0" id="7D9EAE11-EDBC-0778-4459-619B518DFE56">
<createdBy>labsfiap</createdBy>
<createdTime>2024-10-21 11:45:25 UTC</createdTime>
<ownerDesignName>CP02 Relacional</ownerDesignName>
<engineerTo>
<item key="209F1FC2-CBE4-EC9E-64EB-038B99E74511" value="true"/>
</engineerTo>
<sourcePk>760B32F2-1173-A3C8-A3C3-C7FC66D2B720</sourcePk>
<identifying>false</identifying>
<optionalSource>true</optionalSource>
<optionalTarget>false</optionalTarget>
<sourceCardinality>1</sourceCardinality>
<sourceEntity>31BE9616-9D3B-8424-96ED-C1540EF73509</sourceEntity>
<targetCardinalityString>*</targetCardinalityString>
<targetEntity>B24572B8-CA42-A1F5-42CF-ECCBBA4E1258</targetEntity>
<transferable>true</transferable>
<deleteRule>NO ACTION</deleteRule>
</Relation>