<?xml version = '1.0' encoding = 'UTF-8'?>
<Relation class="oracle.dbtools.crest.model.design.logical.Relation" name="T CTSP MANUTENCAO T CTSP INCIDENTES FK" directorySegmentName="seg_0" id="9B881BF2-6BB8-D114-1566-66A7AA5741D3">
<createdBy>labsfiap</createdBy>
<createdTime>2024-10-21 11:48:37 UTC</createdTime>
<ownerDesignName>CP02 Relacional</ownerDesignName>
<engineerTo>
<item key="209F1FC2-CBE4-EC9E-64EB-038B99E74511" value="true"/>
</engineerTo>
<sourcePk>6D992293-3955-19F2-F765-195EB92D9351</sourcePk>
<identifying>false</identifying>
<optionalSource>true</optionalSource>
<optionalTarget>false</optionalTarget>
<sourceCardinality>1</sourceCardinality>
<sourceEntity>1FB1D3C5-3FDD-745F-07F0-83E39C995F58</sourceEntity>
<targetCardinalityString>*</targetCardinalityString>
<targetEntity>EDDCC688-5426-968D-FD3A-0F611B727A02</targetEntity>
<transferable>true</transferable>
<deleteRule>NO ACTION</deleteRule>
</Relation>