<?xml version = '1.0' encoding = 'UTF-8'?>
<Relation class="oracle.dbtools.crest.model.design.logical.Relation" name="T CTSP CAPACIDADE VAGAS T CTSP VAGOES FK" directorySegmentName="seg_0" id="DE583F80-D004-F075-5E3F-399554C4A175">
<createdBy>labsfiap</createdBy>
<createdTime>2024-10-21 11:48:33 UTC</createdTime>
<ownerDesignName>CP02 Relacional</ownerDesignName>
<engineerTo>
<item key="209F1FC2-CBE4-EC9E-64EB-038B99E74511" value="true"/>
</engineerTo>
<sourcePk>C81956CD-AB7D-924C-B9DB-83AF436EE9CB</sourcePk>
<identifying>false</identifying>
<optionalSource>true</optionalSource>
<optionalTarget>false</optionalTarget>
<sourceCardinality>1</sourceCardinality>
<sourceEntity>6951EE75-1D65-F0AB-EFFF-D7BCBD7A6FC1</sourceEntity>
<targetCardinalityString>*</targetCardinalityString>
<targetEntity>843EF2D9-A04B-4DC6-8B8A-00B714C50862</targetEntity>
<transferable>true</transferable>
<deleteRule>NO ACTION</deleteRule>
</Relation>