<?xml version = '1.0' encoding = 'UTF-8'?>
<FKIndexAssociation class="oracle.dbtools.crest.model.design.relational.FKIndexAssociation" directorySegmentName="seg_0" id="08CE2072-C9EB-0E5A-095D-22F0B233357B" containerWithKeyObject="FEBF82EA-85FE-1E61-4A36-CABAFF78B26C" localFKIndex="346ED161-10AB-F99B-EC7D-BA7821AF9815" name="T_CTSP_VAGOES_T_CTSP_TREM_FK">
<createdBy>labsfiap</createdBy>
<createdTime>2024-10-21 11:55:00 UTC</createdTime>
<generatorID>1B9BDF2F-F3AD-211C-15FF-FD111217015E</generatorID>
<ownerDesignName>CP02 Relacional</ownerDesignName>
<referredTableLongName>T_CTSP_TREM</referredTableLongName>
<deleteRule>NO ACTION</deleteRule>
<referredTableID>83EA3498-BDFA-E802-49DB-471493783FD8</referredTableID>
<keyObject>8316CB7A-F0E4-5E23-2A4D-2390AA0768FA</keyObject>
<referredKeyID>8316CB7A-F0E4-5E23-2A4D-2390AA0768FA</referredKeyID>
<mandatory>true</mandatory>
<refColNames>id_trem,T_CTSP_LINHA_id_linha</refColNames>
<transferable>true</transferable>
<rely>false</rely>
<columnDependencyConstraintGenerateInDDL>true</columnDependencyConstraintGenerateInDDL>
</FKIndexAssociation>