<?xml version = '1.0' encoding = 'UTF-8'?>
<FKIndexAssociation class="oracle.dbtools.crest.model.design.relational.FKIndexAssociation" directorySegmentName="seg_0" id="0A2C6162-B7DE-B1A9-B4DE-8A360510978C" containerWithKeyObject="2538A2C6-AD2E-DC25-FDAB-A63EDC4F2B0A" localFKIndex="0CFA213C-431E-9F32-D5EC-C17799DFB54C" name="T_CTSP_CAPACIDADE_VAGAS_T_CTSP_VAGOES_FK">
<createdBy>labsfiap</createdBy>
<createdTime>2024-10-21 11:55:00 UTC</createdTime>
<generatorID>DE583F80-D004-F075-5E3F-399554C4A175</generatorID>
<ownerDesignName>CP02 Relacional</ownerDesignName>
<referredTableLongName>T_CTSP_VAGOES</referredTableLongName>
<deleteRule>NO ACTION</deleteRule>
<referredTableID>FEBF82EA-85FE-1E61-4A36-CABAFF78B26C</referredTableID>
<keyObject>929B5BBE-1A07-2370-C2D2-CB893DFBF083</keyObject>
<referredKeyID>929B5BBE-1A07-2370-C2D2-CB893DFBF083</referredKeyID>
<mandatory>true</mandatory>
<refColNames>id_vagoes</refColNames>
<transferable>true</transferable>
<rely>false</rely>
<columnDependencyConstraintGenerateInDDL>true</columnDependencyConstraintGenerateInDDL>
</FKIndexAssociation>