<?xml version = '1.0' encoding = 'UTF-8'?>
<FKIndexAssociation class="oracle.dbtools.crest.model.design.relational.FKIndexAssociation" directorySegmentName="seg_0" id="1135229B-7A30-EC0B-2BFF-FD2B8EADC695" containerWithKeyObject="83EA3498-BDFA-E802-49DB-471493783FD8" localFKIndex="0ADAAD79-F178-7A3E-5142-BDE2DC213256" name="T_CTSP_TREM_T_CTSP_LINHA_FK">
<createdBy>labsfiap</createdBy>
<createdTime>2024-10-21 11:55:00 UTC</createdTime>
<generatorID>51F04595-A1DA-CEE3-2E61-A9D55B36DCF2</generatorID>
<ownerDesignName>CP02 Relacional</ownerDesignName>
<referredTableLongName>T_CTSP_LINHA</referredTableLongName>
<deleteRule>NO ACTION</deleteRule>
<referredTableID>3AF890B2-C6B9-9EEE-AFC1-9523A92528AC</referredTableID>
<keyObject>7C74C45F-888D-3843-74E0-468A1A7EF2BC</keyObject>
<referredKeyID>7C74C45F-888D-3843-74E0-468A1A7EF2BC</referredKeyID>
<mandatory>true</mandatory>
<refColNames>id_linha</refColNames>
<transferable>true</transferable>
<rely>false</rely>
<columnDependencyConstraintGenerateInDDL>true</columnDependencyConstraintGenerateInDDL>
</FKIndexAssociation>