<?xml version = '1.0' encoding = 'UTF-8'?>
<FKIndexAssociation class="oracle.dbtools.crest.model.design.relational.FKIndexAssociation" directorySegmentName="seg_0" id="15332847-79B5-75C5-A2BB-7437134CEB1A" containerWithKeyObject="84254E01-4AE9-6AC7-1B84-2EA76826040D" localFKIndex="9BFE9C54-B008-63D1-2266-6C91CBD3950F" name="T_CTSP_INCIDENTES_T_CTSP_TREM_FK">
<createdBy>labsfiap</createdBy>
<createdTime>2024-10-21 11:55:00 UTC</createdTime>
<generatorID>55AD50CA-F50C-3C86-862E-B1C25D297AB8</generatorID>
<ownerDesignName>CP02 Relacional</ownerDesignName>
<referredTableLongName>T_CTSP_TREM</referredTableLongName>
<deleteRule>NO ACTION</deleteRule>
<referredTableID>83EA3498-BDFA-E802-49DB-471493783FD8</referredTableID>
<keyObject>8316CB7A-F0E4-5E23-2A4D-2390AA0768FA</keyObject>
<referredKeyID>8316CB7A-F0E4-5E23-2A4D-2390AA0768FA</referredKeyID>
<mandatory>true</mandatory>
<refColNames>id_trem,T_CTSP_LINHA_id_linha</refColNames>
<transferable>true</transferable>
<rely>false</rely>
<columnDependencyConstraintGenerateInDDL>true</columnDependencyConstraintGenerateInDDL>
</FKIndexAssociation>