<?xml version = '1.0' encoding = 'UTF-8'?>
<FKIndexAssociation class="oracle.dbtools.crest.model.design.relational.FKIndexAssociation" directorySegmentName="seg_0" id="319C4F6E-E0E6-5FBC-1508-BD45AA34BCDA" containerWithKeyObject="A4B365D8-FCAC-F7E4-179D-C423655E11AA" localFKIndex="EAF2DBCA-B946-32D4-2AF0-FDBBF3AA1809" name="Relation_4_T_CTSP_INFRAESTRUTURA_FK">
<createdBy>labsfiap</createdBy>
<createdTime>2024-10-21 11:55:00 UTC</createdTime>
<generatorID>27C80511-0B9A-E1A2-C2D1-518061A84664</generatorID>
<ownerDesignName>CP02 Relacional</ownerDesignName>
<referredTableLongName>T_CTSP_INFRAESTRUTURA</referredTableLongName>
<deleteRule>NO ACTION</deleteRule>
<referredTableID>5624C1A2-B214-9FC3-3908-F0C950E2CFCB</referredTableID>
<keyObject>4F91E01D-3069-9446-7F41-3353984E48DC</keyObject>
<referredKeyID>4F91E01D-3069-9446-7F41-3353984E48DC</referredKeyID>
<mandatory>true</mandatory>
<refColNames>id_infraestrutura</refColNames>
<transferable>true</transferable>
<rely>false</rely>
<columnDependencyConstraintGenerateInDDL>true</columnDependencyConstraintGenerateInDDL>
</FKIndexAssociation>