<?xml version = '1.0' encoding = 'UTF-8'?>
<FKIndexAssociation class="oracle.dbtools.crest.model.design.relational.FKIndexAssociation" directorySegmentName="seg_0" id="8F8DF09C-79A0-83FF-789F-6EEF40A81224" containerWithKeyObject="5134F245-2E6B-ED26-3A1E-567E8F29F1BA" localFKIndex="4BBEF6B6-1405-A8FB-0CE9-63DAF1399CA5" name="T_CTSP_HORARIOS_T_CTSP_TREM_FK">
<createdBy>labsfiap</createdBy>
<createdTime>2024-10-21 11:55:00 UTC</createdTime>
<generatorID>9DAE72A8-0BD8-6230-971D-A929D8F1388D</generatorID>
<ownerDesignName>CP02 Relacional</ownerDesignName>
<referredTableLongName>T_CTSP_TREM</referredTableLongName>
<deleteRule>NO ACTION</deleteRule>
<referredTableID>83EA3498-BDFA-E802-49DB-471493783FD8</referredTableID>
<keyObject>8316CB7A-F0E4-5E23-2A4D-2390AA0768FA</keyObject>
<referredKeyID>8316CB7A-F0E4-5E23-2A4D-2390AA0768FA</referredKeyID>
<mandatory>true</mandatory>
<refColNames>id_trem,T_CTSP_LINHA_id_linha</refColNames>
<transferable>true</transferable>
<rely>false</rely>
<columnDependencyConstraintGenerateInDDL>true</columnDependencyConstraintGenerateInDDL>
</FKIndexAssociation>