<?xml version = '1.0' encoding = 'UTF-8'?>
<FKIndexAssociation class="oracle.dbtools.crest.model.design.relational.FKIndexAssociation" directorySegmentName="seg_0" id="C70BCBAE-23BC-CFDF-0578-F9E815976C22" containerWithKeyObject="66DAD8CB-ECD7-DB84-E5AF-C67A5874F1D0" localFKIndex="6D224032-A448-01E2-1D7A-AC646E6EDB31" name="T_CTSP_PASSAGENS_T_CTSP_LINHA_FK">
<createdBy>labsfiap</createdBy>
<createdTime>2024-10-21 11:55:00 UTC</createdTime>
<generatorID>48B6DAA1-60C5-5961-343E-4BF545D9CF7E</generatorID>
<ownerDesignName>CP02 Relacional</ownerDesignName>
<referredTableLongName>T_CTSP_LINHA</referredTableLongName>
<deleteRule>NO ACTION</deleteRule>
<referredTableID>3AF890B2-C6B9-9EEE-AFC1-9523A92528AC</referredTableID>
<keyObject>7C74C45F-888D-3843-74E0-468A1A7EF2BC</keyObject>
<referredKeyID>7C74C45F-888D-3843-74E0-468A1A7EF2BC</referredKeyID>
<mandatory>true</mandatory>
<refColNames>id_linha</refColNames>
<transferable>true</transferable>
<rely>false</rely>
<columnDependencyConstraintGenerateInDDL>true</columnDependencyConstraintGenerateInDDL>
</FKIndexAssociation>