<?xml version = '1.0' encoding = 'UTF-8'?>
<FKIndexAssociation class="oracle.dbtools.crest.model.design.relational.FKIndexAssociation" directorySegmentName="seg_0" id="D541BD91-AC9C-D223-9254-08FF4C494450" containerWithKeyObject="A4707E3A-52AD-3AF3-96E0-4AC8D2653879" localFKIndex="AFF6A7E7-E10E-6B7B-BF65-B252FBE9CD20" name="T_CTSP_ESTACAO_T_CTSP_LINHA_FK">
<createdBy>labsfiap</createdBy>
<createdTime>2024-10-21 11:55:00 UTC</createdTime>
<generatorID>7D9EAE11-EDBC-0778-4459-619B518DFE56</generatorID>
<ownerDesignName>CP02 Relacional</ownerDesignName>
<referredTableLongName>T_CTSP_LINHA</referredTableLongName>
<deleteRule>NO ACTION</deleteRule>
<referredTableID>3AF890B2-C6B9-9EEE-AFC1-9523A92528AC</referredTableID>
<keyObject>7C74C45F-888D-3843-74E0-468A1A7EF2BC</keyObject>
<referredKeyID>7C74C45F-888D-3843-74E0-468A1A7EF2BC</referredKeyID>
<mandatory>true</mandatory>
<refColNames>id_linha</refColNames>
<transferable>true</transferable>
<rely>false</rely>
<columnDependencyConstraintGenerateInDDL>true</columnDependencyConstraintGenerateInDDL>
</FKIndexAssociation>