<?xml version = '1.0' encoding = 'UTF-8'?>
<FKIndexAssociation class="oracle.dbtools.crest.model.design.relational.FKIndexAssociation" directorySegmentName="seg_0" id="E6F1ADCD-E4D8-945C-301E-59F281E85B3F" containerWithKeyObject="84254E01-4AE9-6AC7-1B84-2EA76826040D" localFKIndex="7A012324-587D-1777-EC33-0B03576D2736" name="T_CTSP_INCIDENTES_T_CTSP_INFRAESTRUTURA_FK">
<createdBy>labsfiap</createdBy>
<createdTime>2024-10-21 11:55:00 UTC</createdTime>
<generatorID>12C7DE4A-8015-1C31-BF34-549175554FEF</generatorID>
<ownerDesignName>CP02 Relacional</ownerDesignName>
<referredTableLongName>T_CTSP_INFRAESTRUTURA</referredTableLongName>
<deleteRule>NO ACTION</deleteRule>
<referredTableID>5624C1A2-B214-9FC3-3908-F0C950E2CFCB</referredTableID>
<keyObject>4F91E01D-3069-9446-7F41-3353984E48DC</keyObject>
<referredKeyID>4F91E01D-3069-9446-7F41-3353984E48DC</referredKeyID>
<mandatory>true</mandatory>
<refColNames>id_infraestrutura</refColNames>
<transferable>true</transferable>
<rely>false</rely>
<columnDependencyConstraintGenerateInDDL>true</columnDependencyConstraintGenerateInDDL>
</FKIndexAssociation>