<?xml version = '1.0' encoding = 'UTF-8'?>
<Entity class="oracle.dbtools.crest.model.design.logical.Entity" directorySegmentName="seg_0" id="0A336BE8-069C-98C0-63F1-7407112B1CE5" name="T CTSP PASSAGENS">
<createdBy>labsfiap</createdBy>
<createdTime>2024-10-21 11:13:14 UTC</createdTime>
<ownerDesignName>CP02 Logical</ownerDesignName>
<engineerTo>
<item key="209F1FC2-CBE4-EC9E-64EB-038B99E74511" value="true"/>
</engineerTo>
<adequatelyNormalized>NO</adequatelyNormalized>
<expectedVolumes>0</expectedVolumes>
<fwdEngineeringStrategyName>Single Table</fwdEngineeringStrategyName>
<growthPercent>0</growthPercent>
<growthType>Year</growthType>
<maxVolumes>9999999</maxVolumes>
<minVolumes>0</minVolumes>
<normalForm>Third</normalForm>
<attributes itemClass="oracle.dbtools.crest.model.design.logical.Attribute">
<Attribute name="id passagem" id="5D4963A2-4C40-7A70-664C-2256B67FF7A8">
<createdBy>labsfiap</createdBy>
<createdTime>2024-10-21 11:21:57 UTC</createdTime>
<ownerDesignName>CP02 Logical</ownerDesignName>
<engineerTo>
<item key="209F1FC2-CBE4-EC9E-64EB-038B99E74511" value="true"/>
</engineerTo>
<useDomainConstraints>false</useDomainConstraints>
<use>1</use>
<logicalDatatype>LOGDT011</logicalDatatype>
<ownDataTypeParameters>,,</ownDataTypeParameters>
</Attribute>
<Attribute name="dt hr pagamento" id="56C42BCF-880D-3B9E-A824-7E1D6D5307D9">
<createdBy>labsfiap</createdBy>
<createdTime>2024-10-21 11:26:19 UTC</createdTime>
<ownerDesignName>CP02 Logical</ownerDesignName>
<engineerTo>
<item key="209F1FC2-CBE4-EC9E-64EB-038B99E74511" value="true"/>
</engineerTo>
<useDomainConstraints>false</useDomainConstraints>
<use>1</use>
<logicalDatatype>LOGDT008</logicalDatatype>
<ownDataTypeParameters>,,</ownDataTypeParameters>
</Attribute>
<Attribute name="st passagem" id="E2378E22-16A2-4B81-7BB2-92E9BE0C845B">
<createdBy>labsfiap</createdBy>
<createdTime>2024-10-21 11:26:47 UTC</createdTime>
<ownerDesignName>CP02 Logical</ownerDesignName>
<engineerTo>
<item key="209F1FC2-CBE4-EC9E-64EB-038B99E74511" value="true"/>
</engineerTo>
<useDomainConstraints>false</useDomainConstraints>
<use>1</use>
<logicalDatatype>LOGDT024</logicalDatatype>
<dataTypeSize>60</dataTypeSize>
<ownDataTypeParameters>60,,</ownDataTypeParameters>
</Attribute>
<Attribute name="dt hr passagem" id="4527EC6A-BADA-9090-7CF3-82A8ABD6E05B">
<createdBy>labsfiap</createdBy>
<createdTime>2024-10-21 11:29:03 UTC</createdTime>
<ownerDesignName>CP02 Logical</ownerDesignName>
<engineerTo>
<item key="209F1FC2-CBE4-EC9E-64EB-038B99E74511" value="true"/>
</engineerTo>
<nullsAllowed>true</nullsAllowed>
<useDomainConstraints>false</useDomainConstraints>
<use>1</use>
<logicalDatatype>LOGDT008</logicalDatatype>
<ownDataTypeParameters>,,</ownDataTypeParameters>
</Attribute>
<Attribute name="T CTSP LINHA id linha" id="56394AF2-F35F-836C-F452-BBC7973572D6">
<createdBy>labsfiap</createdBy>
<createdTime>2024-10-21 11:45:17 UTC</createdTime>
<generatorID>48B6DAA1-60C5-5961-343E-4BF545D9CF7E</generatorID>
<ownerDesignName>CP02 Logical</ownerDesignName>
<engineerTo>
<item key="209F1FC2-CBE4-EC9E-64EB-038B99E74511" value="true"/>
</engineerTo>
<referedAttribute>AAE189BD-D1A6-3504-86AE-F7F4F05E9485</referedAttribute>
<useDomainConstraints>false</useDomainConstraints>
<use>1</use>
<logicalDatatype>LOGDT011</logicalDatatype>
<ownDataTypeParameters>,,</ownDataTypeParameters>
</Attribute>
</attributes>
<identifiers itemClass="oracle.dbtools.crest.model.design.logical.CandidateKey">
<identifier id="AF5FD11E-3EE5-7644-5351-E3143ECA42E4" name="T_CTSP_PASSAGENS_PK">
<createdBy>labsfiap</createdBy>
<createdTime>2024-10-21 11:22:07 UTC</createdTime>
<ownerDesignName>CP02 Logical</ownerDesignName>
<shouldEngineer>false</shouldEngineer>
<engineerTo>
<item key="209F1FC2-CBE4-EC9E-64EB-038B99E74511" value="false"/>
</engineerTo>
<pk>true</pk>
<usedAttributes>
<attributeRef>5D4963A2-4C40-7A70-664C-2256B67FF7A8</attributeRef>
</usedAttributes>
</identifier>
</identifiers>
</Entity>