<?xml version = '1.0' encoding = 'UTF-8'?>
<Entity class="oracle.dbtools.crest.model.design.logical.Entity" directorySegmentName="seg_0" id="843EF2D9-A04B-4DC6-8B8A-00B714C50862" name="T CTSP CAPACIDADE VAGAS">
<createdBy>labsfiap</createdBy>
<createdTime>2024-10-21 11:16:18 UTC</createdTime>
<ownerDesignName>CP02 Logical</ownerDesignName>
<engineerTo>
<item key="209F1FC2-CBE4-EC9E-64EB-038B99E74511" value="true"/>
</engineerTo>
<adequatelyNormalized>NO</adequatelyNormalized>
<expectedVolumes>0</expectedVolumes>
<fwdEngineeringStrategyName>Single Table</fwdEngineeringStrategyName>
<growthPercent>0</growthPercent>
<growthType>Year</growthType>
<maxVolumes>9999999</maxVolumes>
<minVolumes>0</minVolumes>
<normalForm>Third</normalForm>
<attributes itemClass="oracle.dbtools.crest.model.design.logical.Attribute">
<Attribute name="id capacidade vagas" id="3D162334-C8F4-873B-5447-D1B71E5D9C9D">
<createdBy>labsfiap</createdBy>
<createdTime>2024-10-21 11:24:53 UTC</createdTime>
<ownerDesignName>CP02 Logical</ownerDesignName>
<engineerTo>
<item key="209F1FC2-CBE4-EC9E-64EB-038B99E74511" value="true"/>
</engineerTo>
<useDomainConstraints>false</useDomainConstraints>
<use>1</use>
<logicalDatatype>LOGDT011</logicalDatatype>
<ownDataTypeParameters>,,</ownDataTypeParameters>
</Attribute>
<Attribute name="cp atual" id="79340F02-6128-B72B-E9C7-2AF3173C6C82">
<createdBy>labsfiap</createdBy>
<createdTime>2024-10-21 11:44:11 UTC</createdTime>
<ownerDesignName>CP02 Logical</ownerDesignName>
<engineerTo>
<item key="209F1FC2-CBE4-EC9E-64EB-038B99E74511" value="true"/>
</engineerTo>
<useDomainConstraints>false</useDomainConstraints>
<use>1</use>
<logicalDatatype>LOGDT011</logicalDatatype>
<ownDataTypeParameters>,,</ownDataTypeParameters>
</Attribute>
<Attribute name="dt hr capacidade" id="5A7A42E0-76F6-B0BB-4997-D855D8A6D3FC">
<createdBy>labsfiap</createdBy>
<createdTime>2024-10-21 11:44:25 UTC</createdTime>
<ownerDesignName>CP02 Logical</ownerDesignName>
<engineerTo>
<item key="209F1FC2-CBE4-EC9E-64EB-038B99E74511" value="true"/>
</engineerTo>
<useDomainConstraints>false</useDomainConstraints>
<use>1</use>
<logicalDatatype>LOGDT008</logicalDatatype>
<ownDataTypeParameters>,,</ownDataTypeParameters>
</Attribute>
<Attribute name="st capacidade" id="F8C6BAAA-589B-582F-E565-A389C40D26C2">
<createdBy>labsfiap</createdBy>
<createdTime>2024-10-21 11:44:45 UTC</createdTime>
<ownerDesignName>CP02 Logical</ownerDesignName>
<engineerTo>
<item key="209F1FC2-CBE4-EC9E-64EB-038B99E74511" value="true"/>
</engineerTo>
<useDomainConstraints>false</useDomainConstraints>
<use>1</use>
<logicalDatatype>LOGDT024</logicalDatatype>
<dataTypeSize>100</dataTypeSize>
<ownDataTypeParameters>100,,</ownDataTypeParameters>
</Attribute>
<Attribute name="id vagoes" id="7195D66A-83F0-2213-E914-DA04725219E2">
<createdBy>labsfiap</createdBy>
<createdTime>2024-10-21 11:48:33 UTC</createdTime>
<generatorID>DE583F80-D004-F075-5E3F-399554C4A175</generatorID>
<ownerDesignName>CP02 Logical</ownerDesignName>
<engineerTo>
<item key="209F1FC2-CBE4-EC9E-64EB-038B99E74511" value="true"/>
</engineerTo>
<referedAttribute>C31C670D-B113-3613-4E7B-F1AC35AA9FF0</referedAttribute>
<useDomainConstraints>false</useDomainConstraints>
<use>1</use>
<logicalDatatype>LOGDT011</logicalDatatype>
<ownDataTypeParameters>,,</ownDataTypeParameters>
</Attribute>
</attributes>
<identifiers itemClass="oracle.dbtools.crest.model.design.logical.CandidateKey">
<identifier id="8F31EE41-8BEE-0364-F43B-1E186B914311" name="T_CTSP_CAPACIDADE_VAGAS_PK">
<createdBy>labsfiap</createdBy>
<createdTime>2024-10-21 11:25:06 UTC</createdTime>
<ownerDesignName>CP02 Logical</ownerDesignName>
<shouldEngineer>false</shouldEngineer>
<engineerTo>
<item key="209F1FC2-CBE4-EC9E-64EB-038B99E74511" value="false"/>
</engineerTo>
<pk>true</pk>
<usedAttributes>
<attributeRef>3D162334-C8F4-873B-5447-D1B71E5D9C9D</attributeRef>
</usedAttributes>
</identifier>
</identifiers>
</Entity>