<?xml version = '1.0' encoding = 'UTF-8'?>
<Entity class="oracle.dbtools.crest.model.design.logical.Entity" directorySegmentName="seg_0" id="EDDCC688-5426-968D-FD3A-0F611B727A02" name="T CTSP MANUTENCAO">
<createdBy>labsfiap</createdBy>
<createdTime>2024-10-21 11:16:43 UTC</createdTime>
<ownerDesignName>CP02 Logical</ownerDesignName>
<engineerTo>
<item key="209F1FC2-CBE4-EC9E-64EB-038B99E74511" value="true"/>
</engineerTo>
<adequatelyNormalized>NO</adequatelyNormalized>
<expectedVolumes>0</expectedVolumes>
<fwdEngineeringStrategyName>Single Table</fwdEngineeringStrategyName>
<growthPercent>0</growthPercent>
<growthType>Year</growthType>
<maxVolumes>9999999</maxVolumes>
<minVolumes>0</minVolumes>
<normalForm>Third</normalForm>
<attributes itemClass="oracle.dbtools.crest.model.design.logical.Attribute">
<Attribute name="id manutencoes" id="69013FCE-2A30-D3A3-CE6B-AC04F8331C43">
<createdBy>labsfiap</createdBy>
<createdTime>2024-10-21 11:25:17 UTC</createdTime>
<ownerDesignName>CP02 Logical</ownerDesignName>
<engineerTo>
<item key="209F1FC2-CBE4-EC9E-64EB-038B99E74511" value="true"/>
</engineerTo>
<useDomainConstraints>false</useDomainConstraints>
<use>1</use>
<logicalDatatype>LOGDT011</logicalDatatype>
<ownDataTypeParameters>,,</ownDataTypeParameters>
</Attribute>
<Attribute name="tp manutencao" id="31E0E14D-C9B2-A26F-B60E-E3AC870C5D90">
<createdBy>labsfiap</createdBy>
<createdTime>2024-10-21 11:42:22 UTC</createdTime>
<ownerDesignName>CP02 Logical</ownerDesignName>
<engineerTo>
<item key="209F1FC2-CBE4-EC9E-64EB-038B99E74511" value="true"/>
</engineerTo>
<useDomainConstraints>false</useDomainConstraints>
<use>1</use>
<logicalDatatype>LOGDT024</logicalDatatype>
<dataTypeSize>60</dataTypeSize>
<ownDataTypeParameters>60,,</ownDataTypeParameters>
</Attribute>
<Attribute name="dt hr manutencao" id="4B659A37-3EC0-C032-160A-2A13540B95F1">
<createdBy>labsfiap</createdBy>
<createdTime>2024-10-21 11:42:45 UTC</createdTime>
<ownerDesignName>CP02 Logical</ownerDesignName>
<engineerTo>
<item key="209F1FC2-CBE4-EC9E-64EB-038B99E74511" value="true"/>
</engineerTo>
<useDomainConstraints>false</useDomainConstraints>
<use>1</use>
<logicalDatatype>LOGDT008</logicalDatatype>
<ownDataTypeParameters>,,</ownDataTypeParameters>
</Attribute>
<Attribute name="st manutencao" id="8D264D44-EF79-7056-1C8E-051A30D60216">
<createdBy>labsfiap</createdBy>
<createdTime>2024-10-21 11:43:05 UTC</createdTime>
<ownerDesignName>CP02 Logical</ownerDesignName>
<engineerTo>
<item key="209F1FC2-CBE4-EC9E-64EB-038B99E74511" value="true"/>
</engineerTo>
<useDomainConstraints>false</useDomainConstraints>
<use>1</use>
<logicalDatatype>LOGDT024</logicalDatatype>
<dataTypeSize>100</dataTypeSize>
<ownDataTypeParameters>100,,</ownDataTypeParameters>
</Attribute>
<Attribute name="tecnico responsavel" id="48EB0993-E483-AD04-7E13-FC0F47637961">
<createdBy>labsfiap</createdBy>
<createdTime>2024-10-21 11:43:24 UTC</createdTime>
<ownerDesignName>CP02 Logical</ownerDesignName>
<engineerTo>
<item key="209F1FC2-CBE4-EC9E-64EB-038B99E74511" value="true"/>
</engineerTo>
<useDomainConstraints>false</useDomainConstraints>
<use>1</use>
<logicalDatatype>LOGDT024</logicalDatatype>
<dataTypeSize>40</dataTypeSize>
<ownDataTypeParameters>40,,</ownDataTypeParameters>
</Attribute>
<Attribute name="ds manutencao" id="CD9FEA99-F864-6A99-59B0-3CE2079F6132">
<createdBy>labsfiap</createdBy>
<createdTime>2024-10-21 11:43:44 UTC</createdTime>
<ownerDesignName>CP02 Logical</ownerDesignName>
<engineerTo>
<item key="209F1FC2-CBE4-EC9E-64EB-038B99E74511" value="true"/>
</engineerTo>
<useDomainConstraints>false</useDomainConstraints>
<use>1</use>
<logicalDatatype>LOGDT040</logicalDatatype>
<ownDataTypeParameters>,,</ownDataTypeParameters>
</Attribute>
<Attribute name="T CTSP INCIDENTES id incidentes" id="5ECB13A0-4ED4-C891-2723-97A5461078CD">
<createdBy>labsfiap</createdBy>
<createdTime>2024-10-21 11:48:37 UTC</createdTime>
<generatorID>9B881BF2-6BB8-D114-1566-66A7AA5741D3</generatorID>
<ownerDesignName>CP02 Logical</ownerDesignName>
<engineerTo>
<item key="209F1FC2-CBE4-EC9E-64EB-038B99E74511" value="true"/>
</engineerTo>
<referedAttribute>63FB7FC3-3E69-8501-FBA1-4C9242792D90</referedAttribute>
<useDomainConstraints>false</useDomainConstraints>
<use>1</use>
<logicalDatatype>LOGDT011</logicalDatatype>
<ownDataTypeParameters>,,</ownDataTypeParameters>
</Attribute>
</attributes>
<identifiers itemClass="oracle.dbtools.crest.model.design.logical.CandidateKey">
<identifier id="263AFCC1-013D-9008-5D1C-ECA16E5D46DA" name="T_CTSP_MANUTENCAO_PK">
<createdBy>labsfiap</createdBy>
<createdTime>2024-10-21 11:25:26 UTC</createdTime>
<ownerDesignName>CP02 Logical</ownerDesignName>
<shouldEngineer>false</shouldEngineer>
<engineerTo>
<item key="209F1FC2-CBE4-EC9E-64EB-038B99E74511" value="false"/>
</engineerTo>
<pk>true</pk>
<usedAttributes>
<attributeRef>69013FCE-2A30-D3A3-CE6B-AC04F8331C43</attributeRef>
</usedAttributes>
</identifier>
</identifiers>
</Entity>