<?xml version = '1.0' encoding = 'UTF-8'?>
<Entity class="oracle.dbtools.crest.model.design.logical.Entity" directorySegmentName="seg_0" id="F08B8E3B-7B0F-272B-9060-89726CF3412C" name="T CTSP TREM">
<createdBy>labsfiap</createdBy>
<createdTime>2024-10-21 11:15:05 UTC</createdTime>
<ownerDesignName>CP02 Logical</ownerDesignName>
<engineerTo>
<item key="209F1FC2-CBE4-EC9E-64EB-038B99E74511" value="true"/>
</engineerTo>
<adequatelyNormalized>NO</adequatelyNormalized>
<expectedVolumes>0</expectedVolumes>
<fwdEngineeringStrategyName>Single Table</fwdEngineeringStrategyName>
<growthPercent>0</growthPercent>
<growthType>Year</growthType>
<maxVolumes>9999999</maxVolumes>
<minVolumes>0</minVolumes>
<normalForm>Third</normalForm>
<attributes itemClass="oracle.dbtools.crest.model.design.logical.Attribute">
<Attribute name="id trem" id="E02E8A49-06EC-A9C4-FD81-FD59488AE55E">
<createdBy>labsfiap</createdBy>
<createdTime>2024-10-21 11:23:01 UTC</createdTime>
<ownerDesignName>CP02 Logical</ownerDesignName>
<engineerTo>
<item key="209F1FC2-CBE4-EC9E-64EB-038B99E74511" value="true"/>
</engineerTo>
<useDomainConstraints>false</useDomainConstraints>
<use>1</use>
<logicalDatatype>LOGDT011</logicalDatatype>
<ownDataTypeParameters>,,</ownDataTypeParameters>
</Attribute>
<Attribute name="tp trem" id="C8D37ED9-C873-DE90-7204-816039199216">
<createdBy>labsfiap</createdBy>
<createdTime>2024-10-21 11:29:33 UTC</createdTime>
<ownerDesignName>CP02 Logical</ownerDesignName>
<engineerTo>
<item key="209F1FC2-CBE4-EC9E-64EB-038B99E74511" value="true"/>
</engineerTo>
<useDomainConstraints>false</useDomainConstraints>
<use>1</use>
<logicalDatatype>LOGDT024</logicalDatatype>
<dataTypeSize>40</dataTypeSize>
<ownDataTypeParameters>40,,</ownDataTypeParameters>
</Attribute>
<Attribute name="nr serie" id="5075CA2B-88E0-8E1D-E7E5-912079D41712">
<createdBy>labsfiap</createdBy>
<createdTime>2024-10-21 11:30:12 UTC</createdTime>
<ownerDesignName>CP02 Logical</ownerDesignName>
<engineerTo>
<item key="209F1FC2-CBE4-EC9E-64EB-038B99E74511" value="true"/>
</engineerTo>
<useDomainConstraints>false</useDomainConstraints>
<use>1</use>
<logicalDatatype>LOGDT011</logicalDatatype>
<ownDataTypeParameters>,,</ownDataTypeParameters>
</Attribute>
<Attribute name="modelo" id="D2E977FD-198C-6376-27CE-6F3D741984A7">
<createdBy>labsfiap</createdBy>
<createdTime>2024-10-21 11:32:09 UTC</createdTime>
<ownerDesignName>CP02 Logical</ownerDesignName>
<engineerTo>
<item key="209F1FC2-CBE4-EC9E-64EB-038B99E74511" value="true"/>
</engineerTo>
<useDomainConstraints>false</useDomainConstraints>
<use>1</use>
<logicalDatatype>LOGDT024</logicalDatatype>
<dataTypeSize>20</dataTypeSize>
<ownDataTypeParameters>20,,</ownDataTypeParameters>
</Attribute>
<Attribute name="cp maxima" id="46F343D4-6342-BD36-CE4C-9A4E4B62EA65">
<createdBy>labsfiap</createdBy>
<createdTime>2024-10-21 11:32:43 UTC</createdTime>
<ownerDesignName>CP02 Logical</ownerDesignName>
<engineerTo>
<item key="209F1FC2-CBE4-EC9E-64EB-038B99E74511" value="true"/>
</engineerTo>
<useDomainConstraints>false</useDomainConstraints>
<use>1</use>
<logicalDatatype>LOGDT011</logicalDatatype>
<ownDataTypeParameters>,,</ownDataTypeParameters>
</Attribute>
<Attribute name="T CTSP LINHA id linha" id="5FEFEA33-EACE-001A-A34D-5D50CF42AA46">
<createdBy>labsfiap</createdBy>
<createdTime>2024-10-21 11:48:12 UTC</createdTime>
<generatorID>51F04595-A1DA-CEE3-2E61-A9D55B36DCF2</generatorID>
<ownerDesignName>CP02 Logical</ownerDesignName>
<engineerTo>
<item key="209F1FC2-CBE4-EC9E-64EB-038B99E74511" value="true"/>
</engineerTo>
<referedAttribute>AAE189BD-D1A6-3504-86AE-F7F4F05E9485</referedAttribute>
<useDomainConstraints>false</useDomainConstraints>
<use>1</use>
<logicalDatatype>LOGDT011</logicalDatatype>
<ownDataTypeParameters>,,</ownDataTypeParameters>
</Attribute>
</attributes>
<identifiers itemClass="oracle.dbtools.crest.model.design.logical.CandidateKey">
<identifier id="51823325-5608-48C3-C50D-5B7BA4728E8F" name="T_CTSP_TREM_PK">
<createdBy>labsfiap</createdBy>
<createdTime>2024-10-21 11:23:05 UTC</createdTime>
<ownerDesignName>CP02 Logical</ownerDesignName>
<shouldEngineer>false</shouldEngineer>
<engineerTo>
<item key="209F1FC2-CBE4-EC9E-64EB-038B99E74511" value="false"/>
</engineerTo>
<pk>true</pk>
<usedAttributes>
<attributeRef>E02E8A49-06EC-A9C4-FD81-FD59488AE55E</attributeRef>
<attributeRef>5FEFEA33-EACE-001A-A34D-5D50CF42AA46</attributeRef>
</usedAttributes>
</identifier>
</identifiers>
</Entity>