<?xml version = '1.0' encoding = 'UTF-8'?>
<Relation class="oracle.dbtools.crest.model.design.logical.Relation" name="Relation_10" directorySegmentName="seg_0" id="0AA09E56-3E9D-35C8-E788-AB26E1BFA416">
<createdBy>labsfiap</createdBy>
<createdTime>2024-09-23 11:32:21 UTC</createdTime>
<ownerDesignName>aula05</ownerDesignName>
<engineerTo>
<item key="0C52968C-7B64-ED5A-DA44-A77375EDB637" value="true"/>
</engineerTo>
<sourcePk>AEBA3086-B53B-0CB9-4477-BA516CA2E772</sourcePk>
<identifying>false</identifying>
<optionalSource>true</optionalSource>
<optionalTarget>false</optionalTarget>
<sourceCardinality>1</sourceCardinality>
<sourceEntity>A084E794-1647-A68D-B034-DDF21FC56795</sourceEntity>
<targetCardinalityString>1</targetCardinalityString>
<targetEntity>1A03D22E-67F4-82E8-2DBA-9D76FED668A3</targetEntity>
<transferable>true</transferable>
<deleteRule>NO ACTION</deleteRule>
</Relation>