<?xml version = '1.0' encoding = 'UTF-8'?>
<Relation class="oracle.dbtools.crest.model.design.logical.Relation" name="Relation_11" directorySegmentName="seg_0" id="31F3C907-304C-6BDF-A7F7-AA8786BD9DCA">
<createdBy>labsfiap</createdBy>
<createdTime>2024-09-23 11:32:56 UTC</createdTime>
<ownerDesignName>aula05</ownerDesignName>
<engineerTo>
<item key="0C52968C-7B64-ED5A-DA44-A77375EDB637" value="true"/>
</engineerTo>
<sourcePk>3922CCF3-7666-E367-5E20-408660B39BC1</sourcePk>
<identifying>false</identifying>
<optionalSource>true</optionalSource>
<optionalTarget>false</optionalTarget>
<sourceCardinality>1</sourceCardinality>
<sourceEntity>764A7B76-B846-1667-7CAB-8E59A5B506C4</sourceEntity>
<targetCardinalityString>*</targetCardinalityString>
<targetEntity>3A649AAA-32C1-3258-4CA8-2751C0E80660</targetEntity>
<transferable>true</transferable>
<deleteRule>NO ACTION</deleteRule>
</Relation>