<?xml version = '1.0' encoding = 'UTF-8'?>
<Relation class="oracle.dbtools.crest.model.design.logical.Relation" name="Relation_5" directorySegmentName="seg_0" id="9315342E-6D66-4B84-18E9-7C65D5E3CA37">
<createdBy>labsfiap</createdBy>
<createdTime>2024-09-23 11:29:28 UTC</createdTime>
<ownerDesignName>aula05</ownerDesignName>
<engineerTo>
<item key="0C52968C-7B64-ED5A-DA44-A77375EDB637" value="true"/>
</engineerTo>
<sourcePk>6966F00E-AB9B-1852-CA23-1FA75626EAC4</sourcePk>
<identifying>false</identifying>
<optionalSource>true</optionalSource>
<optionalTarget>false</optionalTarget>
<sourceCardinality>1</sourceCardinality>
<sourceEntity>67A275DE-6881-4559-3C6B-AAFC2DACC1F7</sourceEntity>
<targetCardinalityString>*</targetCardinalityString>
<targetEntity>84458438-AF0F-3F9F-4A82-42AD3B776F95</targetEntity>
<transferable>true</transferable>
<deleteRule>NO ACTION</deleteRule>
</Relation>