<?xml version = '1.0' encoding = 'UTF-8'?>
<Relation class="oracle.dbtools.crest.model.design.logical.Relation" name="Relation_8" directorySegmentName="seg_0" id="98085955-A7D1-05B3-4285-9465E79CA8B9">
<createdBy>labsfiap</createdBy>
<createdTime>2024-09-23 11:31:48 UTC</createdTime>
<ownerDesignName>aula05</ownerDesignName>
<engineerTo>
<item key="0C52968C-7B64-ED5A-DA44-A77375EDB637" value="true"/>
</engineerTo>
<sourcePk>C1D74DA7-C739-0B0D-60D1-E946A17F6E88</sourcePk>
<identifying>false</identifying>
<optionalSource>true</optionalSource>
<optionalTarget>false</optionalTarget>
<sourceCardinality>1</sourceCardinality>
<sourceEntity>1A03D22E-67F4-82E8-2DBA-9D76FED668A3</sourceEntity>
<targetCardinalityString>*</targetCardinalityString>
<targetEntity>3A649AAA-32C1-3258-4CA8-2751C0E80660</targetEntity>
<transferable>true</transferable>
<deleteRule>NO ACTION</deleteRule>
</Relation>