<?xml version = '1.0' encoding = 'UTF-8'?>
<Relation class="oracle.dbtools.crest.model.design.logical.Relation" name="Relation_12" directorySegmentName="seg_0" id="B23D92F3-BBD0-141C-7AB7-F039D381DEAF">
<createdBy>labsfiap</createdBy>
<createdTime>2024-09-23 11:33:32 UTC</createdTime>
<ownerDesignName>aula05</ownerDesignName>
<engineerTo>
<item key="0C52968C-7B64-ED5A-DA44-A77375EDB637" value="true"/>
</engineerTo>
<sourcePk>3EBEA580-322F-4A84-29F1-747345622A0A</sourcePk>
<identifying>false</identifying>
<optionalSource>true</optionalSource>
<optionalTarget>false</optionalTarget>
<sourceCardinality>1</sourceCardinality>
<sourceEntity>84458438-AF0F-3F9F-4A82-42AD3B776F95</sourceEntity>
<targetCardinalityString>*</targetCardinalityString>
<targetEntity>3A649AAA-32C1-3258-4CA8-2751C0E80660</targetEntity>
<transferable>true</transferable>
<deleteRule>NO ACTION</deleteRule>
</Relation>