<?xml version = '1.0' encoding = 'UTF-8'?>
<Relation class="oracle.dbtools.crest.model.design.logical.Relation" name="Relation_1" directorySegmentName="seg_0" id="C3A10D54-383E-49E9-4B04-C132D8518C58">
<createdBy>labsfiap</createdBy>
<createdTime>2024-09-23 11:28:09 UTC</createdTime>
<ownerDesignName>aula05</ownerDesignName>
<engineerTo>
<item key="0C52968C-7B64-ED5A-DA44-A77375EDB637" value="true"/>
</engineerTo>
<sourcePk>AEBA3086-B53B-0CB9-4477-BA516CA2E772</sourcePk>
<identifying>false</identifying>
<optionalSource>true</optionalSource>
<optionalTarget>false</optionalTarget>
<sourceCardinality>1</sourceCardinality>
<sourceEntity>A084E794-1647-A68D-B034-DDF21FC56795</sourceEntity>
<targetCardinalityString>1</targetCardinalityString>
<targetEntity>622A3F77-F361-E3BB-6120-14A8EC9FBB1F</targetEntity>
<transferable>true</transferable>
<deleteRule>NO ACTION</deleteRule>
</Relation>