<?xml version = '1.0' encoding = 'UTF-8'?>
<Relation class="oracle.dbtools.crest.model.design.logical.Relation" name="Relation_2" directorySegmentName="seg_0" id="CAF39C28-7D8E-0DA7-EAD7-45A05AB991D7">
<createdBy>labsfiap</createdBy>
<createdTime>2024-09-23 11:28:38 UTC</createdTime>
<ownerDesignName>aula05</ownerDesignName>
<engineerTo>
<item key="0C52968C-7B64-ED5A-DA44-A77375EDB637" value="true"/>
</engineerTo>
<sourcePk>3922CCF3-7666-E367-5E20-408660B39BC1</sourcePk>
<identifying>false</identifying>
<optionalSource>true</optionalSource>
<optionalTarget>false</optionalTarget>
<sourceCardinality>1</sourceCardinality>
<sourceEntity>764A7B76-B846-1667-7CAB-8E59A5B506C4</sourceEntity>
<targetCardinalityString>*</targetCardinalityString>
<targetEntity>622A3F77-F361-E3BB-6120-14A8EC9FBB1F</targetEntity>
<transferable>true</transferable>
<deleteRule>NO ACTION</deleteRule>
</Relation>