<?xml version = '1.0' encoding = 'UTF-8'?>
<Relation class="oracle.dbtools.crest.model.design.logical.Relation" name="Relation_3" directorySegmentName="seg_0" id="E2A03021-7DCD-CA57-FF3A-2C6D18586356">
<createdBy>labsfiap</createdBy>
<createdTime>2024-09-23 11:29:09 UTC</createdTime>
<ownerDesignName>aula05</ownerDesignName>
<engineerTo>
<item key="0C52968C-7B64-ED5A-DA44-A77375EDB637" value="true"/>
</engineerTo>
<sourcePk>6966F00E-AB9B-1852-CA23-1FA75626EAC4</sourcePk>
<identifying>false</identifying>
<optionalSource>true</optionalSource>
<optionalTarget>false</optionalTarget>
<sourceCardinality>1</sourceCardinality>
<sourceEntity>67A275DE-6881-4559-3C6B-AAFC2DACC1F7</sourceEntity>
<targetCardinalityString>*</targetCardinalityString>
<targetEntity>764A7B76-B846-1667-7CAB-8E59A5B506C4</targetEntity>
<transferable>true</transferable>
<deleteRule>NO ACTION</deleteRule>
</Relation>