<?xml version = '1.0' encoding = 'UTF-8'?>
<FKIndexAssociation class="oracle.dbtools.crest.model.design.relational.FKIndexAssociation" directorySegmentName="seg_0" id="5C1B2EC4-4628-0C68-20D9-7ADD2C1EFF42" containerWithKeyObject="5134F245-2E6B-ED26-3A1E-567E8F29F1BA" localFKIndex="74E31498-EB42-16CE-6DA6-A9D6D596AC5C" name="T_CTSP_HORARIOS_T_CTSP_LINHA_FK">
<createdBy>labsfiap</createdBy>
<createdTime>2024-10-21 11:55:00 UTC</createdTime>
<generatorID>2E257E84-AD55-210C-CAB6-B8F4D80D112D</generatorID>
<ownerDesignName>CP02 Logical</ownerDesignName>
<referredTableLongName>T_CTSP_LINHA</referredTableLongName>
<deleteRule>NO ACTION</deleteRule>
<referredTableID>3AF890B2-C6B9-9EEE-AFC1-9523A92528AC</referredTableID>
<keyObject>7C74C45F-888D-3843-74E0-468A1A7EF2BC</keyObject>
<referredKeyID>7C74C45F-888D-3843-74E0-468A1A7EF2BC</referredKeyID>
<mandatory>true</mandatory>
<refColNames>id_linha</refColNames>
<transferable>true</transferable>
<rely>false</rely>
<columnDependencyConstraintGenerateInDDL>true</columnDependencyConstraintGenerateInDDL>
</FKIndexAssociation>