<?xml version = '1.0' encoding = 'UTF-8'?>
<FKIndexAssociation class="oracle.dbtools.crest.model.design.relational.FKIndexAssociation" directorySegmentName="seg_0" id="92A22060-F23F-0800-DF9E-50F1351D4D9A" containerWithKeyObject="A4B365D8-FCAC-F7E4-179D-C423655E11AA" localFKIndex="1285AF74-2C73-014C-1CEA-642FC5B42F1A" name="Relation_4_T_CTSP_LINHA_FK">
<createdBy>labsfiap</createdBy>
<createdTime>2024-10-21 11:55:00 UTC</createdTime>
<generatorID>27C80511-0B9A-E1A2-C2D1-518061A84664</generatorID>
<ownerDesignName>CP02 Logical</ownerDesignName>
<referredTableLongName>T_CTSP_LINHA</referredTableLongName>
<deleteRule>NO ACTION</deleteRule>
<referredTableID>3AF890B2-C6B9-9EEE-AFC1-9523A92528AC</referredTableID>
<keyObject>7C74C45F-888D-3843-74E0-468A1A7EF2BC</keyObject>
<referredKeyID>7C74C45F-888D-3843-74E0-468A1A7EF2BC</referredKeyID>
<mandatory>true</mandatory>
<refColNames>id_linha</refColNames>
<transferable>true</transferable>
<rely>false</rely>
<columnDependencyConstraintGenerateInDDL>true</columnDependencyConstraintGenerateInDDL>
</FKIndexAssociation>