<?xml version = '1.0' encoding = 'UTF-8'?>
<FKIndexAssociation class="oracle.dbtools.crest.model.design.relational.FKIndexAssociation" directorySegmentName="seg_0" id="9D32EA3E-D4AD-7206-8DC5-FDBC8CCE3E69" containerWithKeyObject="7E34932F-BE55-235D-931C-E61F451519EE" localFKIndex="A9411668-9A47-6CD0-1BFD-1E65B41DB465" name="T_CTSP_CAPACIDADE_ESTACAO_T_CTSP_ESTACAO_FK">
<createdBy>labsfiap</createdBy>
<createdTime>2024-10-21 11:55:00 UTC</createdTime>
<generatorID>7E856F90-775D-FA6A-D201-C5CE2CFA52BE</generatorID>
<ownerDesignName>CP02 Logical</ownerDesignName>
<referredTableLongName>T_CTSP_ESTACAO</referredTableLongName>
<deleteRule>NO ACTION</deleteRule>
<referredTableID>A4707E3A-52AD-3AF3-96E0-4AC8D2653879</referredTableID>
<keyObject>0C1B1588-F431-A6DD-F18A-D634D368BBF8</keyObject>
<referredKeyID>0C1B1588-F431-A6DD-F18A-D634D368BBF8</referredKeyID>
<mandatory>true</mandatory>
<refColNames>id_estacao</refColNames>
<transferable>true</transferable>
<rely>false</rely>
<columnDependencyConstraintGenerateInDDL>true</columnDependencyConstraintGenerateInDDL>
</FKIndexAssociation>