<?xml version = '1.0' encoding = 'UTF-8'?>
<FKIndexAssociation class="oracle.dbtools.crest.model.design.relational.FKIndexAssociation" directorySegmentName="seg_0" id="B98B640D-A73C-2054-EC9E-6CD4516DA50F" containerWithKeyObject="E430DD2E-A632-F7E3-7780-5BD239EF23D6" localFKIndex="4669D123-965A-8BE1-1082-A4A586AE3278" name="T_CTSP_MANUTENCAO_T_CTSP_INCIDENTES_FK">
<createdBy>labsfiap</createdBy>
<createdTime>2024-10-21 11:55:00 UTC</createdTime>
<generatorID>9B881BF2-6BB8-D114-1566-66A7AA5741D3</generatorID>
<ownerDesignName>CP02 Logical</ownerDesignName>
<referredTableLongName>T_CTSP_INCIDENTES</referredTableLongName>
<deleteRule>NO ACTION</deleteRule>
<referredTableID>84254E01-4AE9-6AC7-1B84-2EA76826040D</referredTableID>
<keyObject>5A5F694E-3642-CF76-C49D-9A630AB3D8EB</keyObject>
<referredKeyID>5A5F694E-3642-CF76-C49D-9A630AB3D8EB</referredKeyID>
<mandatory>true</mandatory>
<refColNames>id_incidentes</refColNames>
<transferable>true</transferable>
<rely>false</rely>
<columnDependencyConstraintGenerateInDDL>true</columnDependencyConstraintGenerateInDDL>
</FKIndexAssociation>