<?xml version = '1.0' encoding = 'UTF-8'?>
<Diagram class="oracle.dbtools.crest.swingui.relational.DPVRelational" name="Relational_1" id="F5773F54-1E73-2B8E-8B08-93E366260ED9">
<createdBy>labsfiap</createdBy>
<modifiedBy>labsfiap</modifiedBy>
<createdTime>2024-10-21 11:50:52 UTC</createdTime>
<autoRoute>false</autoRoute>
<boxInbox>true</boxInbox>
<showLegend>false</showLegend>
<showLabels>false</showLabels>
<showRelAttributes>false</showRelAttributes>
<gridEnabled>false</gridEnabled>
<showGrid>false</showGrid>
<diagramColor>-1</diagramColor>
<display>false</display>
<notation>1</notation>
<objectViews>
<OView class="oracle.dbtools.crest.swingui.relational.TVTable" oid="2538A2C6-AD2E-DC25-FDAB-A63EDC4F2B0A" otype="Table" vid="59AADBA9-47DD-3603-CCAF-1AD5949621AB">
<hideElementsInCurrentOnly>false</hideElementsInCurrentOnly>
<bounds x="7" y="520" width="448" height="134"/>
</OView>
<OView class="oracle.dbtools.crest.swingui.relational.TVTable" oid="3AF890B2-C6B9-9EEE-AFC1-9523A92528AC" otype="Table" vid="7F53DF99-9A99-C602-70BF-18122808E3AE">
<hideElementsInCurrentOnly>false</hideElementsInCurrentOnly>
<bounds x="584" y="27" width="211" height="78"/>
</OView>
<OView class="oracle.dbtools.crest.swingui.relational.TVTable" oid="5134F245-2E6B-ED26-3A1E-567E8F29F1BA" otype="Table" vid="FAE6C70F-F573-AF18-38BF-359914ABAEA0">
<hideElementsInCurrentOnly>false</hideElementsInCurrentOnly>
<bounds x="812" y="197" width="642" height="178"/>
</OView>
<OView class="oracle.dbtools.crest.swingui.relational.TVTable" oid="5624C1A2-B214-9FC3-3908-F0C950E2CFCB" otype="Table" vid="5A6D62EB-19FB-DB2C-16BF-9397947D3914">
<hideElementsInCurrentOnly>false</hideElementsInCurrentOnly>
<bounds x="1270" y="456" width="284" height="113"/>
</OView>
<OView class="oracle.dbtools.crest.swingui.relational.TVTable" oid="66DAD8CB-ECD7-DB84-E5AF-C67A5874F1D0" otype="Table" vid="BE3F4904-396B-09EE-8809-AB1A25FA6F13">
<hideElementsInCurrentOnly>false</hideElementsInCurrentOnly>
<bounds x="1450" y="0" width="366" height="135"/>
</OView>
<OView class="oracle.dbtools.crest.swingui.relational.TVTable" oid="7E34932F-BE55-235D-931C-E61F451519EE" otype="Table" vid="D4021849-3B9E-31E5-99A1-BCA9CF3E74A7">
<hideElementsInCurrentOnly>false</hideElementsInCurrentOnly>
<bounds x="1700" y="475" width="497" height="134"/>
</OView>
<OView class="oracle.dbtools.crest.swingui.relational.TVTable" oid="83EA3498-BDFA-E802-49DB-471493783FD8" otype="Table" vid="1CEC1C1E-36DA-D084-1033-392A47099D0E">
<hideElementsInCurrentOnly>false</hideElementsInCurrentOnly>
<bounds x="17" y="56" width="331" height="148"/>
</OView>
<OView class="oracle.dbtools.crest.swingui.relational.TVTable" oid="84254E01-4AE9-6AC7-1B84-2EA76826040D" otype="Table" vid="26761087-FD98-9778-2B93-47EE5327D9ED">
<hideElementsInCurrentOnly>false</hideElementsInCurrentOnly>
<bounds x="1272" y="667" width="577" height="194"/>
</OView>
<OView class="oracle.dbtools.crest.swingui.relational.TVTable" oid="A4707E3A-52AD-3AF3-96E0-4AC8D2653879" otype="Table" vid="2DCD99D3-0335-C3E8-136D-D40E8BF77119">
<hideElementsInCurrentOnly>false</hideElementsInCurrentOnly>
<bounds x="1805" y="188" width="355" height="148"/>
</OView>
<OView class="oracle.dbtools.crest.swingui.relational.TVTable" oid="A4B365D8-FCAC-F7E4-179D-C423655E11AA" otype="Table" vid="7C0DC011-756F-FB08-BFA6-EED4B8F04F2E">
<hideElementsInCurrentOnly>false</hideElementsInCurrentOnly>
<bounds x="527" y="530" width="476" height="107"/>
</OView>
<OView class="oracle.dbtools.crest.swingui.relational.TVTable" oid="E430DD2E-A632-F7E3-7780-5BD239EF23D6" otype="Table" vid="C1581C9E-75B3-1E71-BE5B-DBAD4E80E334">
<hideElementsInCurrentOnly>false</hideElementsInCurrentOnly>
<bounds x="447" y="675" width="465" height="165"/>
</OView>
<OView class="oracle.dbtools.crest.swingui.relational.TVTable" oid="FEBF82EA-85FE-1E61-4A36-CABAFF78B26C" otype="Table" vid="92480530-5700-2494-EB9C-86574309C187">
<hideElementsInCurrentOnly>false</hideElementsInCurrentOnly>
<bounds x="0" y="321" width="553" height="123"/>
</OView>
</objectViews>
<connectors>
<Connector class="oracle.dbtools.crest.swingui.relational.TVFKRelation" oid="08CE2072-C9EB-0E5A-095D-22F0B233357B" otype="FKIndexAssociation" vid_source="1CEC1C1E-36DA-D084-1033-392A47099D0E" vid_target="92480530-5700-2494-EB9C-86574309C187">
<hideElementsInCurrentOnly>false</hideElementsInCurrentOnly>
<backgroundColor>-16777216</backgroundColor>
<lineWidth>1</lineWidth>
<points>
<point x="182" y="204"/>
<point x="182" y="321"/>
</points>
</Connector>
<Connector class="oracle.dbtools.crest.swingui.relational.TVFKRelation" oid="0A2C6162-B7DE-B1A9-B4DE-8A360510978C" otype="FKIndexAssociation" vid_source="92480530-5700-2494-EB9C-86574309C187" vid_target="59AADBA9-47DD-3603-CCAF-1AD5949621AB">
<hideElementsInCurrentOnly>false</hideElementsInCurrentOnly>
<backgroundColor>-16777216</backgroundColor>
<lineWidth>1</lineWidth>
<points>
<point x="231" y="444"/>
<point x="231" y="520"/>
</points>
</Connector>
<Connector class="oracle.dbtools.crest.swingui.relational.TVFKRelation" oid="1135229B-7A30-EC0B-2BFF-FD2B8EADC695" otype="FKIndexAssociation" vid_source="7F53DF99-9A99-C602-70BF-18122808E3AE" vid_target="1CEC1C1E-36DA-D084-1033-392A47099D0E">
<hideElementsInCurrentOnly>false</hideElementsInCurrentOnly>
<backgroundColor>-16777216</backgroundColor>
<lineWidth>1</lineWidth>
<points>
<point x="584" y="80"/>
<point x="348" y="80"/>
</points>
</Connector>
<Connector class="oracle.dbtools.crest.swingui.relational.TVFKRelation" oid="15332847-79B5-75C5-A2BB-7437134CEB1A" otype="FKIndexAssociation" vid_source="1CEC1C1E-36DA-D084-1033-392A47099D0E" vid_target="26761087-FD98-9778-2B93-47EE5327D9ED">
<hideElementsInCurrentOnly>false</hideElementsInCurrentOnly>
<backgroundColor>-16777216</backgroundColor>
<lineWidth>1</lineWidth>
<points>
<point x="343" y="204"/>
<point x="1349" y="667"/>
</points>
</Connector>
<Connector class="oracle.dbtools.crest.swingui.relational.TVFKRelation" oid="319C4F6E-E0E6-5FBC-1508-BD45AA34BCDA" otype="FKIndexAssociation" vid_source="5A6D62EB-19FB-DB2C-16BF-9397947D3914" vid_target="7C0DC011-756F-FB08-BFA6-EED4B8F04F2E">
<hideElementsInCurrentOnly>false</hideElementsInCurrentOnly>
<backgroundColor>-16777216</backgroundColor>
<lineWidth>1</lineWidth>
<points>
<point x="1270" y="549"/>
<point x="1003" y="549"/>
</points>
</Connector>
<Connector class="oracle.dbtools.crest.swingui.relational.TVFKRelation" oid="5C1B2EC4-4628-0C68-20D9-7ADD2C1EFF42" otype="FKIndexAssociation" vid_source="7F53DF99-9A99-C602-70BF-18122808E3AE" vid_target="FAE6C70F-F573-AF18-38BF-359914ABAEA0">
<hideElementsInCurrentOnly>false</hideElementsInCurrentOnly>
<backgroundColor>-16777216</backgroundColor>
<lineWidth>1</lineWidth>
<points>
<point x="768" y="105"/>
<point x="953" y="197"/>
</points>
</Connector>
<Connector class="oracle.dbtools.crest.swingui.relational.TVFKRelation" oid="8F8DF09C-79A0-83FF-789F-6EEF40A81224" otype="FKIndexAssociation" vid_source="1CEC1C1E-36DA-D084-1033-392A47099D0E" vid_target="FAE6C70F-F573-AF18-38BF-359914ABAEA0">
<hideElementsInCurrentOnly>false</hideElementsInCurrentOnly>
<backgroundColor>-16777216</backgroundColor>
<lineWidth>1</lineWidth>
<points>
<point x="348" y="200"/>
<point x="812" y="200"/>
</points>
</Connector>
<Connector class="oracle.dbtools.crest.swingui.relational.TVFKRelation" oid="92A22060-F23F-0800-DF9E-50F1351D4D9A" otype="FKIndexAssociation" vid_source="7F53DF99-9A99-C602-70BF-18122808E3AE" vid_target="7C0DC011-756F-FB08-BFA6-EED4B8F04F2E">
<hideElementsInCurrentOnly>false</hideElementsInCurrentOnly>
<backgroundColor>-16777216</backgroundColor>
<lineWidth>1</lineWidth>
<points>
<point x="689" y="105"/>
<point x="689" y="530"/>
</points>
</Connector>
<Connector class="oracle.dbtools.crest.swingui.relational.TVFKRelation" oid="9D32EA3E-D4AD-7206-8DC5-FDBC8CCE3E69" otype="FKIndexAssociation" vid_source="2DCD99D3-0335-C3E8-136D-D40E8BF77119" vid_target="D4021849-3B9E-31E5-99A1-BCA9CF3E74A7">
<hideElementsInCurrentOnly>false</hideElementsInCurrentOnly>
<backgroundColor>-16777216</backgroundColor>
<lineWidth>1</lineWidth>
<points>
<point x="1982" y="336"/>
<point x="1982" y="475"/>
</points>
</Connector>
<Connector class="oracle.dbtools.crest.swingui.relational.TVFKRelation" oid="B98B640D-A73C-2054-EC9E-6CD4516DA50F" otype="FKIndexAssociation" vid_source="26761087-FD98-9778-2B93-47EE5327D9ED" vid_target="C1581C9E-75B3-1E71-BE5B-DBAD4E80E334">
<hideElementsInCurrentOnly>false</hideElementsInCurrentOnly>
<backgroundColor>-16777216</backgroundColor>
<lineWidth>1</lineWidth>
<points>
<point x="1272" y="757"/>
<point x="912" y="757"/>
</points>
</Connector>
<Connector class="oracle.dbtools.crest.swingui.relational.TVFKRelation" oid="C70BCBAE-23BC-CFDF-0578-F9E815976C22" otype="FKIndexAssociation" vid_source="7F53DF99-9A99-C602-70BF-18122808E3AE" vid_target="BE3F4904-396B-09EE-8809-AB1A25FA6F13">
<hideElementsInCurrentOnly>false</hideElementsInCurrentOnly>
<backgroundColor>-16777216</backgroundColor>
<lineWidth>1</lineWidth>
<points>
<point x="795" y="66"/>
<point x="1450" y="66"/>
</points>
</Connector>
<Connector class="oracle.dbtools.crest.swingui.relational.TVFKRelation" oid="D541BD91-AC9C-D223-9254-08FF4C494450" otype="FKIndexAssociation" vid_source="7F53DF99-9A99-C602-70BF-18122808E3AE" vid_target="2DCD99D3-0335-C3E8-136D-D40E8BF77119">
<hideElementsInCurrentOnly>false</hideElementsInCurrentOnly>
<backgroundColor>-16777216</backgroundColor>
<lineWidth>1</lineWidth>
<points>
<point x="795" y="81"/>
<point x="1805" y="235"/>
</points>
</Connector>
<Connector class="oracle.dbtools.crest.swingui.relational.TVFKRelation" oid="E6F1ADCD-E4D8-945C-301E-59F281E85B3F" otype="FKIndexAssociation" vid_source="5A6D62EB-19FB-DB2C-16BF-9397947D3914" vid_target="26761087-FD98-9778-2B93-47EE5327D9ED">
<hideElementsInCurrentOnly>false</hideElementsInCurrentOnly>
<backgroundColor>-16777216</backgroundColor>
<lineWidth>1</lineWidth>
<points>
<point x="1413" y="569"/>
<point x="1413" y="667"/>
</points>
</Connector>
</connectors>
</Diagram>