<?xml version = '1.0' encoding = 'UTF-8'?>
<Relation class="oracle.dbtools.crest.model.design.logical.Relation" name="Relation_15" directorySegmentName="seg_0" id="0725DBCF-536F-B790-EAC3-AA6054733036">
<createdBy>labsfiap</createdBy>
<createdTime>2024-09-23 12:44:46 UTC</createdTime>
<ownerDesignName>aula05desafio</ownerDesignName>
<engineerTo>
<item key="A089C93B-2320-BFDA-2B72-25DEAEF19DD4" value="true"/>
</engineerTo>
<sourcePk>DA1780AD-2549-AFBE-4F0D-B7DCFFC2D9C6</sourcePk>
<identifying>false</identifying>
<optionalSource>true</optionalSource>
<optionalTarget>false</optionalTarget>
<sourceCardinality>1</sourceCardinality>
<sourceEntity>D527B7CC-BF8F-1353-AF08-DCA19FEBCE85</sourceEntity>
<targetCardinalityString>*</targetCardinalityString>
<targetEntity>59AC219E-4202-C6FB-A18B-F5157FD10DB1</targetEntity>
<transferable>true</transferable>
<deleteRule>NO ACTION</deleteRule>
</Relation>