<?xml version = '1.0' encoding = 'UTF-8'?>
<Relation class="oracle.dbtools.crest.model.design.logical.Relation" name="Relation_18" directorySegmentName="seg_0" id="11D9530E-042C-57AF-29EC-D014F9C55FA4">
<createdBy>labsfiap</createdBy>
<createdTime>2024-09-23 12:49:51 UTC</createdTime>
<ownerDesignName>aula05desafio</ownerDesignName>
<engineerTo>
<item key="A089C93B-2320-BFDA-2B72-25DEAEF19DD4" value="true"/>
</engineerTo>
<sourcePk>DA1780AD-2549-AFBE-4F0D-B7DCFFC2D9C6</sourcePk>
<identifying>false</identifying>
<optionalSource>true</optionalSource>
<optionalTarget>false</optionalTarget>
<sourceCardinality>1</sourceCardinality>
<sourceEntity>D527B7CC-BF8F-1353-AF08-DCA19FEBCE85</sourceEntity>
<targetCardinalityString>1</targetCardinalityString>
<targetEntity>39E48FFB-4199-A6B3-8A0A-784BB832ED57</targetEntity>
<transferable>true</transferable>
<deleteRule>NO ACTION</deleteRule>
</Relation>