<?xml version = '1.0' encoding = 'UTF-8'?>
<Relation class="oracle.dbtools.crest.model.design.logical.Relation" name="Relation_17" directorySegmentName="seg_0" id="2216F1B0-1832-C06A-DC8E-38FEB0B869FB">
<createdBy>labsfiap</createdBy>
<createdTime>2024-09-23 12:49:41 UTC</createdTime>
<ownerDesignName>aula05desafio</ownerDesignName>
<engineerTo>
<item key="A089C93B-2320-BFDA-2B72-25DEAEF19DD4" value="true"/>
</engineerTo>
<sourcePk>1998649B-2697-13AE-5471-12292486CC86</sourcePk>
<identifying>false</identifying>
<optionalSource>true</optionalSource>
<optionalTarget>false</optionalTarget>
<sourceCardinality>1</sourceCardinality>
<sourceEntity>AA537B46-A1E5-4A81-84E9-33ACD3730D2B</sourceEntity>
<targetCardinalityString>*</targetCardinalityString>
<targetEntity>39E48FFB-4199-A6B3-8A0A-784BB832ED57</targetEntity>
<transferable>true</transferable>
<deleteRule>NO ACTION</deleteRule>
</Relation>