<?xml version = '1.0' encoding = 'UTF-8'?>
<Relation class="oracle.dbtools.crest.model.design.logical.Relation" name="Relation_5" directorySegmentName="seg_0" id="302A4A5C-2D9A-58ED-0209-B7F52053852C">
<createdBy>labsfiap</createdBy>
<createdTime>2024-09-23 12:04:27 UTC</createdTime>
<ownerDesignName>aula05desafio</ownerDesignName>
<engineerTo>
<item key="A089C93B-2320-BFDA-2B72-25DEAEF19DD4" value="true"/>
</engineerTo>
<sourcePk>2EC809A9-8F29-551D-8FA7-EC03C09F235C</sourcePk>
<identifying>false</identifying>
<optionalSource>true</optionalSource>
<optionalTarget>false</optionalTarget>
<sourceCardinality>1</sourceCardinality>
<sourceEntity>337D2A62-C3CA-D981-84B9-9BCD62BAC92C</sourceEntity>
<targetCardinalityString>*</targetCardinalityString>
<targetEntity>881D6DD4-E558-E819-F90D-D15DD4ECD330</targetEntity>
<transferable>true</transferable>
<deleteRule>NO ACTION</deleteRule>
</Relation>