<?xml version = '1.0' encoding = 'UTF-8'?>
<Relation class="oracle.dbtools.crest.model.design.logical.Relation" name="Relation_3" directorySegmentName="seg_0" id="4A8C4F1C-B136-C144-C091-F0B6FCE0FFF3">
<createdBy>labsfiap</createdBy>
<createdTime>2024-09-23 11:59:29 UTC</createdTime>
<ownerDesignName>aula05desafio</ownerDesignName>
<engineerTo>
<item key="A089C93B-2320-BFDA-2B72-25DEAEF19DD4" value="true"/>
</engineerTo>
<sourcePk>1998649B-2697-13AE-5471-12292486CC86</sourcePk>
<identifying>false</identifying>
<optionalSource>true</optionalSource>
<optionalTarget>false</optionalTarget>
<sourceCardinality>1</sourceCardinality>
<sourceEntity>AA537B46-A1E5-4A81-84E9-33ACD3730D2B</sourceEntity>
<targetCardinalityString>*</targetCardinalityString>
<targetEntity>59AC219E-4202-C6FB-A18B-F5157FD10DB1</targetEntity>
<transferable>true</transferable>
<deleteRule>NO ACTION</deleteRule>
</Relation>