<?xml version = '1.0' encoding = 'UTF-8'?>
<Relation class="oracle.dbtools.crest.model.design.logical.Relation" name="Relation_4" directorySegmentName="seg_0" id="614E553B-FC87-A280-57A5-84A51D18E961">
<createdBy>labsfiap</createdBy>
<createdTime>2024-09-23 12:04:20 UTC</createdTime>
<ownerDesignName>aula05desafio</ownerDesignName>
<engineerTo>
<item key="A089C93B-2320-BFDA-2B72-25DEAEF19DD4" value="true"/>
</engineerTo>
<sourcePk>39EB6420-A5BF-5D4E-7A76-CB308F54DC56</sourcePk>
<identifying>false</identifying>
<optionalSource>true</optionalSource>
<optionalTarget>false</optionalTarget>
<sourceCardinality>1</sourceCardinality>
<sourceEntity>59AC219E-4202-C6FB-A18B-F5157FD10DB1</sourceEntity>
<targetCardinalityString>1</targetCardinalityString>
<targetEntity>337D2A62-C3CA-D981-84B9-9BCD62BAC92C</targetEntity>
<transferable>true</transferable>
<deleteRule>NO ACTION</deleteRule>
</Relation>