<?xml version = '1.0' encoding = 'UTF-8'?>
<Relation class="oracle.dbtools.crest.model.design.logical.Relation" name="Relation_19" directorySegmentName="seg_0" id="62288E7F-BC25-5E6A-5319-217CC5295CD8">
<createdBy>labsfiap</createdBy>
<createdTime>2024-09-23 12:50:27 UTC</createdTime>
<ownerDesignName>aula05desafio</ownerDesignName>
<engineerTo>
<item key="A089C93B-2320-BFDA-2B72-25DEAEF19DD4" value="true"/>
</engineerTo>
<identifying>false</identifying>
<optionalSource>true</optionalSource>
<optionalTarget>false</optionalTarget>
<sourceCardinality>1</sourceCardinality>
<sourceEntity>C4F49734-C0A2-1044-164C-80EAD9CB8ACA</sourceEntity>
<targetCardinalityString>1</targetCardinalityString>
<targetEntity>337D2A62-C3CA-D981-84B9-9BCD62BAC92C</targetEntity>
<transferable>true</transferable>
<deleteRule>NO ACTION</deleteRule>
</Relation>