<?xml version = '1.0' encoding = 'UTF-8'?>
<Relation class="oracle.dbtools.crest.model.design.logical.Relation" name="Relation_7" directorySegmentName="seg_0" id="6CF697D5-839D-4E60-984A-80DB38BF352C">
<createdBy>labsfiap</createdBy>
<createdTime>2024-09-23 12:05:59 UTC</createdTime>
<ownerDesignName>aula05desafio</ownerDesignName>
<engineerTo>
<item key="A089C93B-2320-BFDA-2B72-25DEAEF19DD4" value="true"/>
</engineerTo>
<sourcePk>1998649B-2697-13AE-5471-12292486CC86</sourcePk>
<identifying>false</identifying>
<optionalSource>true</optionalSource>
<optionalTarget>false</optionalTarget>
<sourceCardinality>1</sourceCardinality>
<sourceEntity>AA537B46-A1E5-4A81-84E9-33ACD3730D2B</sourceEntity>
<targetCardinalityString>1</targetCardinalityString>
<targetEntity>098FEDB9-313D-3809-F698-E208528BB239</targetEntity>
<transferable>true</transferable>
<deleteRule>NO ACTION</deleteRule>
</Relation>