<?xml version = '1.0' encoding = 'UTF-8'?>
<Relation class="oracle.dbtools.crest.model.design.logical.Relation" name="Relation_12" directorySegmentName="seg_0" id="74DC1856-3075-FCBF-B5CF-59A14A2081BE">
<createdBy>labsfiap</createdBy>
<createdTime>2024-09-23 12:16:07 UTC</createdTime>
<ownerDesignName>aula05desafio</ownerDesignName>
<engineerTo>
<item key="A089C93B-2320-BFDA-2B72-25DEAEF19DD4" value="true"/>
</engineerTo>
<sourcePk>993D5163-526D-0298-4C47-54F49DFFD580</sourcePk>
<identifying>false</identifying>
<optionalSource>true</optionalSource>
<optionalTarget>false</optionalTarget>
<sourceCardinality>1</sourceCardinality>
<sourceEntity>ACA69ED6-C8F0-BD84-10C5-C2C0C7506696</sourceEntity>
<targetCardinalityString>*</targetCardinalityString>
<targetEntity>2567B826-A9E7-E382-DAC8-61BC5E7DB9B7</targetEntity>
<transferable>true</transferable>
<deleteRule>NO ACTION</deleteRule>
</Relation>