<?xml version = '1.0' encoding = 'UTF-8'?>
<Relation class="oracle.dbtools.crest.model.design.logical.Relation" name="Relation_20" directorySegmentName="seg_0" id="83E3016E-37E8-0C3F-0E14-585429E7A5C6">
<createdBy>labsfiap</createdBy>
<createdTime>2024-09-23 12:51:16 UTC</createdTime>
<ownerDesignName>aula05desafio</ownerDesignName>
<engineerTo>
<item key="A089C93B-2320-BFDA-2B72-25DEAEF19DD4" value="true"/>
</engineerTo>
<identifying>false</identifying>
<optionalSource>true</optionalSource>
<optionalTarget>false</optionalTarget>
<sourceCardinality>1</sourceCardinality>
<sourceEntity>C4F49734-C0A2-1044-164C-80EAD9CB8ACA</sourceEntity>
<targetCardinalityString>1</targetCardinalityString>
<targetEntity>AA537B46-A1E5-4A81-84E9-33ACD3730D2B</targetEntity>
<transferable>true</transferable>
<deleteRule>NO ACTION</deleteRule>
</Relation>