<?xml version = '1.0' encoding = 'UTF-8'?>
<Relation class="oracle.dbtools.crest.model.design.logical.Relation" name="Relation_13" directorySegmentName="seg_0" id="8547CC98-E4A7-17B0-F967-F93E6E749C00">
<createdBy>labsfiap</createdBy>
<createdTime>2024-09-23 12:16:19 UTC</createdTime>
<ownerDesignName>aula05desafio</ownerDesignName>
<engineerTo>
<item key="A089C93B-2320-BFDA-2B72-25DEAEF19DD4" value="true"/>
</engineerTo>
<sourcePk>74B42236-FD0D-B061-6857-D747AB5FFBC5</sourcePk>
<identifying>false</identifying>
<optionalSource>true</optionalSource>
<optionalTarget>false</optionalTarget>
<sourceCardinality>1</sourceCardinality>
<sourceEntity>881D6DD4-E558-E819-F90D-D15DD4ECD330</sourceEntity>
<targetCardinalityString>1</targetCardinalityString>
<targetEntity>098FEDB9-313D-3809-F698-E208528BB239</targetEntity>
<transferable>true</transferable>
<deleteRule>NO ACTION</deleteRule>
</Relation>