<?xml version = '1.0' encoding = 'UTF-8'?>
<Relation class="oracle.dbtools.crest.model.design.logical.Relation" name="Relation_21" directorySegmentName="seg_0" id="9BCC8AA7-C31D-E1B6-19F3-E439B9EA6ED8">
<createdBy>labsfiap</createdBy>
<createdTime>2024-09-23 12:51:20 UTC</createdTime>
<ownerDesignName>aula05desafio</ownerDesignName>
<engineerTo>
<item key="A089C93B-2320-BFDA-2B72-25DEAEF19DD4" value="true"/>
</engineerTo>
<identifying>false</identifying>
<optionalSource>true</optionalSource>
<optionalTarget>false</optionalTarget>
<sourceCardinality>1</sourceCardinality>
<sourceEntity>C4F49734-C0A2-1044-164C-80EAD9CB8ACA</sourceEntity>
<targetCardinalityString>1</targetCardinalityString>
<targetEntity>D527B7CC-BF8F-1353-AF08-DCA19FEBCE85</targetEntity>
<transferable>true</transferable>
<deleteRule>NO ACTION</deleteRule>
</Relation>