<?xml version = '1.0' encoding = 'UTF-8'?>
<Relation class="oracle.dbtools.crest.model.design.logical.Relation" name="Relation_6" directorySegmentName="seg_0" id="C1112B2A-FE78-99A9-B75B-46CDA248418A">
<createdBy>labsfiap</createdBy>
<createdTime>2024-09-23 12:05:44 UTC</createdTime>
<ownerDesignName>aula05desafio</ownerDesignName>
<engineerTo>
<item key="A089C93B-2320-BFDA-2B72-25DEAEF19DD4" value="true"/>
</engineerTo>
<sourcePk>39EB6420-A5BF-5D4E-7A76-CB308F54DC56</sourcePk>
<identifying>false</identifying>
<optionalSource>true</optionalSource>
<optionalTarget>false</optionalTarget>
<sourceCardinality>1</sourceCardinality>
<sourceEntity>59AC219E-4202-C6FB-A18B-F5157FD10DB1</sourceEntity>
<targetCardinalityString>1</targetCardinalityString>
<targetEntity>ACA69ED6-C8F0-BD84-10C5-C2C0C7506696</targetEntity>
<transferable>true</transferable>
<deleteRule>NO ACTION</deleteRule>
</Relation>