<?xml version = '1.0' encoding = 'UTF-8'?>
<Relation class="oracle.dbtools.crest.model.design.logical.Relation" name="Relation_16" directorySegmentName="seg_0" id="C7DBD05F-8659-F1EA-481A-18C86320CB6E">
<createdBy>labsfiap</createdBy>
<createdTime>2024-09-23 12:49:26 UTC</createdTime>
<ownerDesignName>aula05desafio</ownerDesignName>
<engineerTo>
<item key="A089C93B-2320-BFDA-2B72-25DEAEF19DD4" value="true"/>
</engineerTo>
<sourcePk>74B42236-FD0D-B061-6857-D747AB5FFBC5</sourcePk>
<identifying>false</identifying>
<optionalSource>true</optionalSource>
<optionalTarget>false</optionalTarget>
<sourceCardinality>1</sourceCardinality>
<sourceEntity>881D6DD4-E558-E819-F90D-D15DD4ECD330</sourceEntity>
<targetCardinalityString>1</targetCardinalityString>
<targetEntity>39E48FFB-4199-A6B3-8A0A-784BB832ED57</targetEntity>
<transferable>true</transferable>
<deleteRule>NO ACTION</deleteRule>
</Relation>