<?xml version = '1.0' encoding = 'UTF-8'?>
<Relation class="oracle.dbtools.crest.model.design.logical.Relation" name="Relation_9" directorySegmentName="seg_0" id="DCC153B3-CFDB-CCBB-1F76-DA795579A6AA">
<createdBy>labsfiap</createdBy>
<createdTime>2024-09-23 12:11:36 UTC</createdTime>
<ownerDesignName>aula05desafio</ownerDesignName>
<engineerTo>
<item key="A089C93B-2320-BFDA-2B72-25DEAEF19DD4" value="true"/>
</engineerTo>
<identifying>false</identifying>
<optionalSource>true</optionalSource>
<optionalTarget>false</optionalTarget>
<sourceCardinality>*</sourceCardinality>
<sourceEntity>AA537B46-A1E5-4A81-84E9-33ACD3730D2B</sourceEntity>
<targetCardinalityString>*</targetCardinalityString>
<targetEntity>D527B7CC-BF8F-1353-AF08-DCA19FEBCE85</targetEntity>
<transferable>true</transferable>
<deleteRule>NO ACTION</deleteRule>
</Relation>