<?xml version = '1.0' encoding = 'UTF-8'?>
<Relation class="oracle.dbtools.crest.model.design.logical.Relation" name="Relation_14" directorySegmentName="seg_0" id="FFDA5869-B1A2-7D85-EF47-12BC5D42574E">
<createdBy>labsfiap</createdBy>
<createdTime>2024-09-23 12:16:42 UTC</createdTime>
<ownerDesignName>aula05desafio</ownerDesignName>
<engineerTo>
<item key="A089C93B-2320-BFDA-2B72-25DEAEF19DD4" value="true"/>
</engineerTo>
<sourcePk>DA1780AD-2549-AFBE-4F0D-B7DCFFC2D9C6</sourcePk>
<identifying>false</identifying>
<optionalSource>true</optionalSource>
<optionalTarget>false</optionalTarget>
<sourceCardinality>1</sourceCardinality>
<sourceEntity>D527B7CC-BF8F-1353-AF08-DCA19FEBCE85</sourceEntity>
<targetCardinalityString>*</targetCardinalityString>
<targetEntity>2567B826-A9E7-E382-DAC8-61BC5E7DB9B7</targetEntity>
<transferable>true</transferable>
<deleteRule>NO ACTION</deleteRule>
</Relation>