<?xml version = '1.0' encoding = 'UTF-8'?>
<Relation class="oracle.dbtools.crest.model.design.logical.Relation" name="T CTSP TREM T CTSP LINHA FK" directorySegmentName="seg_0" id="51F04595-A1DA-CEE3-2E61-A9D55B36DCF2">
<createdBy>labsfiap</createdBy>
<createdTime>2024-10-21 11:48:12 UTC</createdTime>
<ownerDesignName>CP02 Logical</ownerDesignName>
<engineerTo>
<item key="209F1FC2-CBE4-EC9E-64EB-038B99E74511" value="true"/>
</engineerTo>
<sourcePk>760B32F2-1173-A3C8-A3C3-C7FC66D2B720</sourcePk>
<identifying>true</identifying>
<optionalSource>true</optionalSource>
<optionalTarget>false</optionalTarget>
<sourceCardinality>1</sourceCardinality>
<sourceEntity>31BE9616-9D3B-8424-96ED-C1540EF73509</sourceEntity>
<targetCardinalityString>*</targetCardinalityString>
<targetEntity>F08B8E3B-7B0F-272B-9060-89726CF3412C</targetEntity>
<transferable>true</transferable>
<deleteRule>NO ACTION</deleteRule>
</Relation>