<?xml version = '1.0' encoding = 'UTF-8'?>
<Relation class="oracle.dbtools.crest.model.design.logical.Relation" name="T CTSP CAPACIDADE ESTACAO T CTSP ESTACAO FK" directorySegmentName="seg_0" id="7E856F90-775D-FA6A-D201-C5CE2CFA52BE">
<createdBy>labsfiap</createdBy>
<createdTime>2024-10-21 11:45:34 UTC</createdTime>
<ownerDesignName>CP02 Logical</ownerDesignName>
<engineerTo>
<item key="209F1FC2-CBE4-EC9E-64EB-038B99E74511" value="true"/>
</engineerTo>
<sourcePk>D8EA4661-7856-E92B-20BE-1BD26CB66D05</sourcePk>
<identifying>false</identifying>
<optionalSource>true</optionalSource>
<optionalTarget>false</optionalTarget>
<sourceCardinality>1</sourceCardinality>
<sourceEntity>B24572B8-CA42-A1F5-42CF-ECCBBA4E1258</sourceEntity>
<targetCardinalityString>*</targetCardinalityString>
<targetEntity>667543EA-5623-C4FC-7A3D-9D5425A3794A</targetEntity>
<transferable>true</transferable>
<deleteRule>NO ACTION</deleteRule>
</Relation>