<?xml version = '1.0' encoding = 'UTF-8'?>
<Relation class="oracle.dbtools.crest.model.design.logical.Relation" name="T CTSP HORARIOS T CTSP TREM FK" directorySegmentName="seg_0" id="9DAE72A8-0BD8-6230-971D-A929D8F1388D">
<createdBy>labsfiap</createdBy>
<createdTime>2024-10-21 11:48:20 UTC</createdTime>
<ownerDesignName>CP02 Logical</ownerDesignName>
<engineerTo>
<item key="209F1FC2-CBE4-EC9E-64EB-038B99E74511" value="true"/>
</engineerTo>
<sourcePk>51823325-5608-48C3-C50D-5B7BA4728E8F</sourcePk>
<identifying>true</identifying>
<optionalSource>true</optionalSource>
<optionalTarget>false</optionalTarget>
<sourceCardinality>1</sourceCardinality>
<sourceEntity>F08B8E3B-7B0F-272B-9060-89726CF3412C</sourceEntity>
<targetCardinalityString>*</targetCardinalityString>
<targetEntity>FEC4FE0C-A4A9-9C9F-0C12-B06A3D20C8D9</targetEntity>
<transferable>true</transferable>
<deleteRule>NO ACTION</deleteRule>
</Relation>