<?xml version = '1.0' encoding = 'UTF-8'?>
<Entity class="oracle.dbtools.crest.model.design.logical.Entity" directorySegmentName="seg_0" id="1FB1D3C5-3FDD-745F-07F0-83E39C995F58" name="T CTSP INCIDENTES">
<createdBy>labsfiap</createdBy>
<createdTime>2024-10-21 11:17:01 UTC</createdTime>
<ownerDesignName>CP02 Relacional</ownerDesignName>
<engineerTo>
<item key="209F1FC2-CBE4-EC9E-64EB-038B99E74511" value="true"/>
</engineerTo>
<adequatelyNormalized>NO</adequatelyNormalized>
<expectedVolumes>0</expectedVolumes>
<fwdEngineeringStrategyName>Single Table</fwdEngineeringStrategyName>
<growthPercent>0</growthPercent>
<growthType>Year</growthType>
<maxVolumes>9999999</maxVolumes>
<minVolumes>0</minVolumes>
<normalForm>Third</normalForm>
<attributes itemClass="oracle.dbtools.crest.model.design.logical.Attribute">
<Attribute name="id incidentes" id="63FB7FC3-3E69-8501-FBA1-4C9242792D90">
<createdBy>labsfiap</createdBy>
<createdTime>2024-10-21 11:24:36 UTC</createdTime>
<ownerDesignName>CP02 Relacional</ownerDesignName>
<engineerTo>
<item key="209F1FC2-CBE4-EC9E-64EB-038B99E74511" value="true"/>
</engineerTo>
<useDomainConstraints>false</useDomainConstraints>
<use>1</use>
<logicalDatatype>LOGDT011</logicalDatatype>
<ownDataTypeParameters>,,</ownDataTypeParameters>
</Attribute>
<Attribute name="tp incidente" id="E79B1BF0-00DC-C225-B7B5-DB784EF655A9">
<createdBy>labsfiap</createdBy>
<createdTime>2024-10-21 11:39:14 UTC</createdTime>
<ownerDesignName>CP02 Relacional</ownerDesignName>
<engineerTo>
<item key="209F1FC2-CBE4-EC9E-64EB-038B99E74511" value="true"/>
</engineerTo>
<useDomainConstraints>false</useDomainConstraints>
<use>1</use>
<logicalDatatype>LOGDT024</logicalDatatype>
<dataTypeSize>40</dataTypeSize>
<ownDataTypeParameters>40,,</ownDataTypeParameters>
</Attribute>
<Attribute name="obs incidente" id="86786C8C-F3E0-FEA6-7CC0-6EAAE493B05E">
<createdBy>labsfiap</createdBy>
<createdTime>2024-10-21 11:39:34 UTC</createdTime>
<ownerDesignName>CP02 Relacional</ownerDesignName>
<engineerTo>
<item key="209F1FC2-CBE4-EC9E-64EB-038B99E74511" value="true"/>
</engineerTo>
<nullsAllowed>true</nullsAllowed>
<useDomainConstraints>false</useDomainConstraints>
<use>1</use>
<logicalDatatype>LOGDT040</logicalDatatype>
<ownDataTypeParameters>,,</ownDataTypeParameters>
</Attribute>
<Attribute name="dt hr incidente" id="BC1DACF2-9DB8-C9A3-6100-C5CDC1FCB8D1">
<createdBy>labsfiap</createdBy>
<createdTime>2024-10-21 11:39:48 UTC</createdTime>
<ownerDesignName>CP02 Relacional</ownerDesignName>
<engineerTo>
<item key="209F1FC2-CBE4-EC9E-64EB-038B99E74511" value="true"/>
</engineerTo>
<useDomainConstraints>false</useDomainConstraints>
<use>1</use>
<logicalDatatype>LOGDT008</logicalDatatype>
<ownDataTypeParameters>,,</ownDataTypeParameters>
</Attribute>
<Attribute name="st incidente" id="22A9F679-D72D-15A8-62F3-E92FE69A5BAD">
<createdBy>labsfiap</createdBy>
<createdTime>2024-10-21 11:40:11 UTC</createdTime>
<ownerDesignName>CP02 Relacional</ownerDesignName>
<engineerTo>
<item key="209F1FC2-CBE4-EC9E-64EB-038B99E74511" value="true"/>
</engineerTo>
<useDomainConstraints>false</useDomainConstraints>
<use>1</use>
<logicalDatatype>LOGDT024</logicalDatatype>
<dataTypeSize>100</dataTypeSize>
<ownDataTypeParameters>100,,</ownDataTypeParameters>
</Attribute>
<Attribute name="id trem" id="0470162A-36EB-529B-89D2-7208EBD50F81">
<createdBy>labsfiap</createdBy>
<createdTime>2024-10-21 11:48:25 UTC</createdTime>
<generatorID>55AD50CA-F50C-3C86-862E-B1C25D297AB8</generatorID>
<ownerDesignName>CP02 Relacional</ownerDesignName>
<engineerTo>
<item key="209F1FC2-CBE4-EC9E-64EB-038B99E74511" value="true"/>
</engineerTo>
<referedAttribute>E02E8A49-06EC-A9C4-FD81-FD59488AE55E</referedAttribute>
<useDomainConstraints>false</useDomainConstraints>
<use>1</use>
<logicalDatatype>LOGDT011</logicalDatatype>
<ownDataTypeParameters>,,</ownDataTypeParameters>
</Attribute>
<Attribute name="T CTSP LINHA id linha" id="9FAB6F57-D94D-90C7-59F7-EB0D0AF3CF81">
<createdBy>labsfiap</createdBy>
<createdTime>2024-10-21 11:48:25 UTC</createdTime>
<generatorID>55AD50CA-F50C-3C86-862E-B1C25D297AB8</generatorID>
<ownerDesignName>CP02 Relacional</ownerDesignName>
<engineerTo>
<item key="209F1FC2-CBE4-EC9E-64EB-038B99E74511" value="true"/>
</engineerTo>
<referedAttribute>5FEFEA33-EACE-001A-A34D-5D50CF42AA46</referedAttribute>
<useDomainConstraints>false</useDomainConstraints>
<use>1</use>
<logicalDatatype>LOGDT011</logicalDatatype>
<ownDataTypeParameters>,,</ownDataTypeParameters>
</Attribute>
<Attribute name="id infraestrutura" id="CF10432C-F950-2943-97CD-FCCB30D315C3">
<createdBy>labsfiap</createdBy>
<createdTime>2024-10-21 11:48:45 UTC</createdTime>
<generatorID>12C7DE4A-8015-1C31-BF34-549175554FEF</generatorID>
<ownerDesignName>CP02 Relacional</ownerDesignName>
<engineerTo>
<item key="209F1FC2-CBE4-EC9E-64EB-038B99E74511" value="true"/>
</engineerTo>
<referedAttribute>205F4C91-FAC5-50D2-54E6-15DD51654440</referedAttribute>
<useDomainConstraints>false</useDomainConstraints>
<use>1</use>
<logicalDatatype>LOGDT011</logicalDatatype>
<ownDataTypeParameters>,,</ownDataTypeParameters>
</Attribute>
</attributes>
<identifiers itemClass="oracle.dbtools.crest.model.design.logical.CandidateKey">
<identifier id="6D992293-3955-19F2-F765-195EB92D9351" name="T_CTSP_INCIDENTES_PK">
<createdBy>labsfiap</createdBy>
<createdTime>2024-10-21 11:24:42 UTC</createdTime>
<ownerDesignName>CP02 Relacional</ownerDesignName>
<shouldEngineer>false</shouldEngineer>
<engineerTo>
<item key="209F1FC2-CBE4-EC9E-64EB-038B99E74511" value="false"/>
</engineerTo>
<pk>true</pk>
<usedAttributes>
<attributeRef>63FB7FC3-3E69-8501-FBA1-4C9242792D90</attributeRef>
</usedAttributes>
</identifier>
</identifiers>
</Entity>