<?xml version = '1.0' encoding = 'UTF-8'?>
<Entity class="oracle.dbtools.crest.model.design.logical.Entity" directorySegmentName="seg_0" id="667543EA-5623-C4FC-7A3D-9D5425A3794A" name="T CTSP CAPACIDADE ESTACAO">
<createdBy>labsfiap</createdBy>
<createdTime>2024-10-21 11:14:29 UTC</createdTime>
<ownerDesignName>CP02 Relacional</ownerDesignName>
<engineerTo>
<item key="209F1FC2-CBE4-EC9E-64EB-038B99E74511" value="true"/>
</engineerTo>
<adequatelyNormalized>NO</adequatelyNormalized>
<expectedVolumes>0</expectedVolumes>
<fwdEngineeringStrategyName>Single Table</fwdEngineeringStrategyName>
<growthPercent>0</growthPercent>
<growthType>Year</growthType>
<maxVolumes>9999999</maxVolumes>
<minVolumes>0</minVolumes>
<normalForm>Third</normalForm>
<attributes itemClass="oracle.dbtools.crest.model.design.logical.Attribute">
<Attribute name="id capacidade estacao" id="F6C38B19-A7F3-D644-35BC-823ECB287A7D">
<createdBy>labsfiap</createdBy>
<createdTime>2024-10-21 11:25:32 UTC</createdTime>
<ownerDesignName>CP02 Relacional</ownerDesignName>
<engineerTo>
<item key="209F1FC2-CBE4-EC9E-64EB-038B99E74511" value="true"/>
</engineerTo>
<useDomainConstraints>false</useDomainConstraints>
<use>1</use>
<logicalDatatype>LOGDT011</logicalDatatype>
<ownDataTypeParameters>,,</ownDataTypeParameters>
</Attribute>
<Attribute name="cp atual" id="997A8295-F537-6C99-BAAD-0539FDA4CFD6">
<createdBy>labsfiap</createdBy>
<createdTime>2024-10-21 11:41:09 UTC</createdTime>
<ownerDesignName>CP02 Relacional</ownerDesignName>
<engineerTo>
<item key="209F1FC2-CBE4-EC9E-64EB-038B99E74511" value="true"/>
</engineerTo>
<useDomainConstraints>false</useDomainConstraints>
<use>1</use>
<logicalDatatype>LOGDT011</logicalDatatype>
<ownDataTypeParameters>,,</ownDataTypeParameters>
</Attribute>
<Attribute name="dt hr capacidade" id="98B47801-1A24-4344-3566-A928C6F35A1A">
<createdBy>labsfiap</createdBy>
<createdTime>2024-10-21 11:41:30 UTC</createdTime>
<ownerDesignName>CP02 Relacional</ownerDesignName>
<engineerTo>
<item key="209F1FC2-CBE4-EC9E-64EB-038B99E74511" value="true"/>
</engineerTo>
<nullsAllowed>true</nullsAllowed>
<useDomainConstraints>false</useDomainConstraints>
<use>1</use>
<logicalDatatype>LOGDT008</logicalDatatype>
<ownDataTypeParameters>,,</ownDataTypeParameters>
</Attribute>
<Attribute name="st capacidade" id="3A3E4A3E-A035-308D-4B5F-E5B365509FB0">
<createdBy>labsfiap</createdBy>
<createdTime>2024-10-21 11:41:47 UTC</createdTime>
<ownerDesignName>CP02 Relacional</ownerDesignName>
<engineerTo>
<item key="209F1FC2-CBE4-EC9E-64EB-038B99E74511" value="true"/>
</engineerTo>
<useDomainConstraints>false</useDomainConstraints>
<use>1</use>
<logicalDatatype>LOGDT040</logicalDatatype>
<ownDataTypeParameters>,,</ownDataTypeParameters>
</Attribute>
<Attribute name="id estacao" id="C384734C-16CC-8C08-D532-A5D247566A8A">
<createdBy>labsfiap</createdBy>
<createdTime>2024-10-21 11:45:34 UTC</createdTime>
<generatorID>7E856F90-775D-FA6A-D201-C5CE2CFA52BE</generatorID>
<ownerDesignName>CP02 Relacional</ownerDesignName>
<engineerTo>
<item key="209F1FC2-CBE4-EC9E-64EB-038B99E74511" value="true"/>
</engineerTo>
<referedAttribute>2E39CABC-3D8A-3D65-28CA-B290B8B45C6B</referedAttribute>
<useDomainConstraints>false</useDomainConstraints>
<use>1</use>
<logicalDatatype>LOGDT011</logicalDatatype>
<ownDataTypeParameters>,,</ownDataTypeParameters>
</Attribute>
</attributes>
<identifiers itemClass="oracle.dbtools.crest.model.design.logical.CandidateKey">
<identifier id="D38F8B4B-AC16-BE94-618A-440B16FCAB6E" name="T_CTSP_CAPACIDADE_ESTACAO_PK">
<createdBy>labsfiap</createdBy>
<createdTime>2024-10-21 11:25:43 UTC</createdTime>
<ownerDesignName>CP02 Relacional</ownerDesignName>
<shouldEngineer>false</shouldEngineer>
<engineerTo>
<item key="209F1FC2-CBE4-EC9E-64EB-038B99E74511" value="false"/>
</engineerTo>
<pk>true</pk>
<usedAttributes>
<attributeRef>F6C38B19-A7F3-D644-35BC-823ECB287A7D</attributeRef>
</usedAttributes>
</identifier>
</identifiers>
</Entity>