<?xml version = '1.0' encoding = 'UTF-8'?>
<Entity class="oracle.dbtools.crest.model.design.logical.Entity" directorySegmentName="seg_0" id="6951EE75-1D65-F0AB-EFFF-D7BCBD7A6FC1" name="T CTSP VAGOES">
<createdBy>labsfiap</createdBy>
<createdTime>2024-10-21 11:15:28 UTC</createdTime>
<ownerDesignName>CP02 Relacional</ownerDesignName>
<engineerTo>
<item key="209F1FC2-CBE4-EC9E-64EB-038B99E74511" value="true"/>
</engineerTo>
<adequatelyNormalized>NO</adequatelyNormalized>
<expectedVolumes>0</expectedVolumes>
<fwdEngineeringStrategyName>Single Table</fwdEngineeringStrategyName>
<growthPercent>0</growthPercent>
<growthType>Year</growthType>
<maxVolumes>9999999</maxVolumes>
<minVolumes>0</minVolumes>
<normalForm>Third</normalForm>
<attributes itemClass="oracle.dbtools.crest.model.design.logical.Attribute">
<Attribute name="id vagoes" id="C31C670D-B113-3613-4E7B-F1AC35AA9FF0">
<createdBy>labsfiap</createdBy>
<createdTime>2024-10-21 11:24:03 UTC</createdTime>
<ownerDesignName>CP02 Relacional</ownerDesignName>
<engineerTo>
<item key="209F1FC2-CBE4-EC9E-64EB-038B99E74511" value="true"/>
</engineerTo>
<useDomainConstraints>false</useDomainConstraints>
<use>1</use>
<logicalDatatype>LOGDT011</logicalDatatype>
<ownDataTypeParameters>,,</ownDataTypeParameters>
</Attribute>
<Attribute name="cp maxima" id="D4D8A2FB-BFF7-A605-0D56-6C99057B95B8">
<createdBy>labsfiap</createdBy>
<createdTime>2024-10-21 11:38:55 UTC</createdTime>
<ownerDesignName>CP02 Relacional</ownerDesignName>
<engineerTo>
<item key="209F1FC2-CBE4-EC9E-64EB-038B99E74511" value="true"/>
</engineerTo>
<useDomainConstraints>false</useDomainConstraints>
<use>1</use>
<logicalDatatype>LOGDT011</logicalDatatype>
<ownDataTypeParameters>,,</ownDataTypeParameters>
</Attribute>
<Attribute name="T CTSP TREM id trem" id="3662442D-5CE4-1ED0-D449-53E63F5943AA">
<createdBy>labsfiap</createdBy>
<createdTime>2024-10-21 11:48:29 UTC</createdTime>
<generatorID>1B9BDF2F-F3AD-211C-15FF-FD111217015E</generatorID>
<ownerDesignName>CP02 Relacional</ownerDesignName>
<engineerTo>
<item key="209F1FC2-CBE4-EC9E-64EB-038B99E74511" value="true"/>
</engineerTo>
<referedAttribute>E02E8A49-06EC-A9C4-FD81-FD59488AE55E</referedAttribute>
<useDomainConstraints>false</useDomainConstraints>
<use>1</use>
<logicalDatatype>LOGDT011</logicalDatatype>
<ownDataTypeParameters>,,</ownDataTypeParameters>
</Attribute>
<Attribute name="T CTSP TREM id linha" id="AC9A9559-436F-915F-ED62-602FAF44375D">
<createdBy>labsfiap</createdBy>
<createdTime>2024-10-21 11:48:29 UTC</createdTime>
<generatorID>1B9BDF2F-F3AD-211C-15FF-FD111217015E</generatorID>
<ownerDesignName>CP02 Relacional</ownerDesignName>
<engineerTo>
<item key="209F1FC2-CBE4-EC9E-64EB-038B99E74511" value="true"/>
</engineerTo>
<referedAttribute>5FEFEA33-EACE-001A-A34D-5D50CF42AA46</referedAttribute>
<useDomainConstraints>false</useDomainConstraints>
<use>1</use>
<logicalDatatype>LOGDT011</logicalDatatype>
<ownDataTypeParameters>,,</ownDataTypeParameters>
</Attribute>
</attributes>
<identifiers itemClass="oracle.dbtools.crest.model.design.logical.CandidateKey">
<identifier id="C81956CD-AB7D-924C-B9DB-83AF436EE9CB" name="T_CTSP_VAGOES_PK">
<createdBy>labsfiap</createdBy>
<createdTime>2024-10-21 11:24:32 UTC</createdTime>
<ownerDesignName>CP02 Relacional</ownerDesignName>
<shouldEngineer>false</shouldEngineer>
<engineerTo>
<item key="209F1FC2-CBE4-EC9E-64EB-038B99E74511" value="false"/>
</engineerTo>
<pk>true</pk>
<usedAttributes>
<attributeRef>C31C670D-B113-3613-4E7B-F1AC35AA9FF0</attributeRef>
</usedAttributes>
</identifier>
</identifiers>
</Entity>