<?xml version = '1.0' encoding = 'UTF-8'?>
<Entity class="oracle.dbtools.crest.model.design.logical.Entity" directorySegmentName="seg_0" id="AE0636AF-CEB0-AEE7-95A4-D80D6A6A078F" name="T CTSP INFRAESTRUTURA">
<createdBy>labsfiap</createdBy>
<createdTime>2024-10-21 11:13:54 UTC</createdTime>
<ownerDesignName>CP02 Relacional</ownerDesignName>
<engineerTo>
<item key="209F1FC2-CBE4-EC9E-64EB-038B99E74511" value="true"/>
</engineerTo>
<adequatelyNormalized>NO</adequatelyNormalized>
<expectedVolumes>0</expectedVolumes>
<fwdEngineeringStrategyName>Single Table</fwdEngineeringStrategyName>
<growthPercent>0</growthPercent>
<growthType>Year</growthType>
<maxVolumes>9999999</maxVolumes>
<minVolumes>0</minVolumes>
<normalForm>Third</normalForm>
<attributes itemClass="oracle.dbtools.crest.model.design.logical.Attribute">
<Attribute name="id infraestrutura" id="205F4C91-FAC5-50D2-54E6-15DD51654440">
<createdBy>labsfiap</createdBy>
<createdTime>2024-10-21 11:23:27 UTC</createdTime>
<ownerDesignName>CP02 Relacional</ownerDesignName>
<engineerTo>
<item key="209F1FC2-CBE4-EC9E-64EB-038B99E74511" value="true"/>
</engineerTo>
<useDomainConstraints>false</useDomainConstraints>
<use>1</use>
<logicalDatatype>LOGDT011</logicalDatatype>
<ownDataTypeParameters>,,</ownDataTypeParameters>
</Attribute>
<Attribute name="tp infraestrutura" id="07948D09-743F-9BF9-E3CF-9EE5612824CD">
<createdBy>labsfiap</createdBy>
<createdTime>2024-10-21 11:34:50 UTC</createdTime>
<ownerDesignName>CP02 Relacional</ownerDesignName>
<engineerTo>
<item key="209F1FC2-CBE4-EC9E-64EB-038B99E74511" value="true"/>
</engineerTo>
<useDomainConstraints>false</useDomainConstraints>
<use>1</use>
<logicalDatatype>LOGDT024</logicalDatatype>
<dataTypeSize>80</dataTypeSize>
<ownDataTypeParameters>80,,</ownDataTypeParameters>
</Attribute>
<Attribute name="ds infraestrutura" id="C310BFB3-7785-DFD6-883C-504DAD0AE4F0">
<createdBy>labsfiap</createdBy>
<createdTime>2024-10-21 11:35:35 UTC</createdTime>
<ownerDesignName>CP02 Relacional</ownerDesignName>
<engineerTo>
<item key="209F1FC2-CBE4-EC9E-64EB-038B99E74511" value="true"/>
</engineerTo>
<nullsAllowed>true</nullsAllowed>
<useDomainConstraints>false</useDomainConstraints>
<use>1</use>
<logicalDatatype>LOGDT040</logicalDatatype>
<ownDataTypeParameters>,,</ownDataTypeParameters>
</Attribute>
<Attribute name="localizacao" id="DDFB7A57-D696-7C93-636C-7A01032D1EE4">
<createdBy>labsfiap</createdBy>
<createdTime>2024-10-21 11:36:10 UTC</createdTime>
<ownerDesignName>CP02 Relacional</ownerDesignName>
<engineerTo>
<item key="209F1FC2-CBE4-EC9E-64EB-038B99E74511" value="true"/>
</engineerTo>
<nullsAllowed>true</nullsAllowed>
<useDomainConstraints>false</useDomainConstraints>
<use>1</use>
<logicalDatatype>LOGDT024</logicalDatatype>
<dataTypeSize>60</dataTypeSize>
<ownDataTypeParameters>60,,</ownDataTypeParameters>
</Attribute>
<Attribute name="st infraestrutura" id="0C269AE8-DD10-25CB-B40D-5D2472ABA63B">
<createdBy>labsfiap</createdBy>
<createdTime>2024-10-21 11:36:38 UTC</createdTime>
<ownerDesignName>CP02 Relacional</ownerDesignName>
<engineerTo>
<item key="209F1FC2-CBE4-EC9E-64EB-038B99E74511" value="true"/>
</engineerTo>
<useDomainConstraints>false</useDomainConstraints>
<use>1</use>
<logicalDatatype>LOGDT024</logicalDatatype>
<dataTypeSize>60</dataTypeSize>
<ownDataTypeParameters>60,,</ownDataTypeParameters>
</Attribute>
</attributes>
<identifiers itemClass="oracle.dbtools.crest.model.design.logical.CandidateKey">
<identifier id="81DAB8BF-D2C9-605D-1F1F-E27D59B68B64" name="T_CTSP_INFRAESTRUTURA_PK">
<createdBy>labsfiap</createdBy>
<createdTime>2024-10-21 11:23:36 UTC</createdTime>
<ownerDesignName>CP02 Relacional</ownerDesignName>
<shouldEngineer>false</shouldEngineer>
<engineerTo>
<item key="209F1FC2-CBE4-EC9E-64EB-038B99E74511" value="false"/>
</engineerTo>
<pk>true</pk>
<usedAttributes>
<attributeRef>205F4C91-FAC5-50D2-54E6-15DD51654440</attributeRef>
</usedAttributes>
</identifier>
</identifiers>
</Entity>