<?xml version = '1.0' encoding = 'UTF-8'?>
<Entity class="oracle.dbtools.crest.model.design.logical.Entity" directorySegmentName="seg_0" id="B24572B8-CA42-A1F5-42CF-ECCBBA4E1258" name="T CTSP ESTACAO">
<createdBy>labsfiap</createdBy>
<createdTime>2024-10-21 11:14:20 UTC</createdTime>
<ownerDesignName>CP02 Relacional</ownerDesignName>
<engineerTo>
<item key="209F1FC2-CBE4-EC9E-64EB-038B99E74511" value="true"/>
</engineerTo>
<adequatelyNormalized>NO</adequatelyNormalized>
<expectedVolumes>0</expectedVolumes>
<fwdEngineeringStrategyName>Single Table</fwdEngineeringStrategyName>
<growthPercent>0</growthPercent>
<growthType>Year</growthType>
<maxVolumes>9999999</maxVolumes>
<minVolumes>0</minVolumes>
<normalForm>Third</normalForm>
<attributes itemClass="oracle.dbtools.crest.model.design.logical.Attribute">
<Attribute name="id estacao" id="2E39CABC-3D8A-3D65-28CA-B290B8B45C6B">
<createdBy>labsfiap</createdBy>
<createdTime>2024-10-21 11:23:49 UTC</createdTime>
<ownerDesignName>CP02 Relacional</ownerDesignName>
<engineerTo>
<item key="209F1FC2-CBE4-EC9E-64EB-038B99E74511" value="true"/>
</engineerTo>
<useDomainConstraints>false</useDomainConstraints>
<use>1</use>
<logicalDatatype>LOGDT011</logicalDatatype>
<ownDataTypeParameters>,,</ownDataTypeParameters>
</Attribute>
<Attribute name="nm estacao" id="07308BD8-A777-E8BD-AFD8-C4F72E77B2CD">
<createdBy>labsfiap</createdBy>
<createdTime>2024-10-21 11:37:25 UTC</createdTime>
<ownerDesignName>CP02 Relacional</ownerDesignName>
<engineerTo>
<item key="209F1FC2-CBE4-EC9E-64EB-038B99E74511" value="true"/>
</engineerTo>
<useDomainConstraints>false</useDomainConstraints>
<use>1</use>
<logicalDatatype>LOGDT024</logicalDatatype>
<dataTypeSize>40</dataTypeSize>
<ownDataTypeParameters>40,,</ownDataTypeParameters>
</Attribute>
<Attribute name="qt plataforma" id="5C93CA99-C8C6-E168-747A-26BE1C12F700">
<createdBy>labsfiap</createdBy>
<createdTime>2024-10-21 11:37:44 UTC</createdTime>
<ownerDesignName>CP02 Relacional</ownerDesignName>
<engineerTo>
<item key="209F1FC2-CBE4-EC9E-64EB-038B99E74511" value="true"/>
</engineerTo>
<useDomainConstraints>false</useDomainConstraints>
<use>1</use>
<logicalDatatype>LOGDT011</logicalDatatype>
<ownDataTypeParameters>,,</ownDataTypeParameters>
</Attribute>
<Attribute name="cp maxima" id="ACCEFC16-C627-864E-9102-C01E7BB19883">
<createdBy>labsfiap</createdBy>
<createdTime>2024-10-21 11:38:05 UTC</createdTime>
<ownerDesignName>CP02 Relacional</ownerDesignName>
<engineerTo>
<item key="209F1FC2-CBE4-EC9E-64EB-038B99E74511" value="true"/>
</engineerTo>
<useDomainConstraints>false</useDomainConstraints>
<use>1</use>
<logicalDatatype>LOGDT011</logicalDatatype>
<ownDataTypeParameters>,,</ownDataTypeParameters>
</Attribute>
<Attribute name="localizacao" id="F2BE0C1F-7DBD-2C87-EFF6-8E0D5A3DF43D">
<createdBy>labsfiap</createdBy>
<createdTime>2024-10-21 11:38:22 UTC</createdTime>
<ownerDesignName>CP02 Relacional</ownerDesignName>
<engineerTo>
<item key="209F1FC2-CBE4-EC9E-64EB-038B99E74511" value="true"/>
</engineerTo>
<useDomainConstraints>false</useDomainConstraints>
<use>1</use>
<logicalDatatype>LOGDT024</logicalDatatype>
<dataTypeSize>60</dataTypeSize>
<ownDataTypeParameters>60,,</ownDataTypeParameters>
</Attribute>
<Attribute name="id linha" id="380116C6-E3EE-EC4C-2130-0930D5AC45B8">
<createdBy>labsfiap</createdBy>
<createdTime>2024-10-21 11:45:25 UTC</createdTime>
<generatorID>7D9EAE11-EDBC-0778-4459-619B518DFE56</generatorID>
<ownerDesignName>CP02 Relacional</ownerDesignName>
<engineerTo>
<item key="209F1FC2-CBE4-EC9E-64EB-038B99E74511" value="true"/>
</engineerTo>
<referedAttribute>AAE189BD-D1A6-3504-86AE-F7F4F05E9485</referedAttribute>
<useDomainConstraints>false</useDomainConstraints>
<use>1</use>
<logicalDatatype>LOGDT011</logicalDatatype>
<ownDataTypeParameters>,,</ownDataTypeParameters>
</Attribute>
</attributes>
<identifiers itemClass="oracle.dbtools.crest.model.design.logical.CandidateKey">
<identifier id="D8EA4661-7856-E92B-20BE-1BD26CB66D05" name="T_CTSP_ESTACAO_PK">
<createdBy>labsfiap</createdBy>
<createdTime>2024-10-21 11:23:55 UTC</createdTime>
<ownerDesignName>CP02 Relacional</ownerDesignName>
<shouldEngineer>false</shouldEngineer>
<engineerTo>
<item key="209F1FC2-CBE4-EC9E-64EB-038B99E74511" value="false"/>
</engineerTo>
<pk>true</pk>
<usedAttributes>
<attributeRef>2E39CABC-3D8A-3D65-28CA-B290B8B45C6B</attributeRef>
</usedAttributes>
</identifier>
</identifiers>
</Entity>