<?xml version = '1.0' encoding = 'UTF-8'?>
<Entity class="oracle.dbtools.crest.model.design.logical.Entity" directorySegmentName="seg_0" id="FEC4FE0C-A4A9-9C9F-0C12-B06A3D20C8D9" name="T CTSP HORARIOS">
<createdBy>labsfiap</createdBy>
<createdTime>2024-10-21 11:13:36 UTC</createdTime>
<ownerDesignName>CP02 Relacional</ownerDesignName>
<engineerTo>
<item key="209F1FC2-CBE4-EC9E-64EB-038B99E74511" value="true"/>
</engineerTo>
<adequatelyNormalized>NO</adequatelyNormalized>
<expectedVolumes>0</expectedVolumes>
<fwdEngineeringStrategyName>Single Table</fwdEngineeringStrategyName>
<growthPercent>0</growthPercent>
<growthType>Year</growthType>
<maxVolumes>9999999</maxVolumes>
<minVolumes>0</minVolumes>
<normalForm>Third</normalForm>
<attributes itemClass="oracle.dbtools.crest.model.design.logical.Attribute">
<Attribute name="id horario" id="52C31F49-08C2-DFD8-C907-70C93BFF9941">
<createdBy>labsfiap</createdBy>
<createdTime>2024-10-21 11:23:12 UTC</createdTime>
<ownerDesignName>CP02 Relacional</ownerDesignName>
<engineerTo>
<item key="209F1FC2-CBE4-EC9E-64EB-038B99E74511" value="true"/>
</engineerTo>
<useDomainConstraints>false</useDomainConstraints>
<use>1</use>
<logicalDatatype>LOGDT011</logicalDatatype>
<ownDataTypeParameters>,,</ownDataTypeParameters>
</Attribute>
<Attribute name="hr partida" id="706A934A-9EB0-DB6D-AB6D-7386BFFF270A">
<createdBy>labsfiap</createdBy>
<createdTime>2024-10-21 11:33:06 UTC</createdTime>
<ownerDesignName>CP02 Relacional</ownerDesignName>
<engineerTo>
<item key="209F1FC2-CBE4-EC9E-64EB-038B99E74511" value="true"/>
</engineerTo>
<useDomainConstraints>false</useDomainConstraints>
<use>1</use>
<logicalDatatype>LOGDT014</logicalDatatype>
<ownDataTypeParameters>,,</ownDataTypeParameters>
</Attribute>
<Attribute name="hr chegada" id="76701725-8282-8836-407B-E783A0326311">
<createdBy>labsfiap</createdBy>
<createdTime>2024-10-21 11:33:39 UTC</createdTime>
<ownerDesignName>CP02 Relacional</ownerDesignName>
<engineerTo>
<item key="209F1FC2-CBE4-EC9E-64EB-038B99E74511" value="true"/>
</engineerTo>
<useDomainConstraints>false</useDomainConstraints>
<use>1</use>
<logicalDatatype>LOGDT014</logicalDatatype>
<ownDataTypeParameters>,,</ownDataTypeParameters>
</Attribute>
<Attribute name="st horario" id="BCB28666-FF12-982C-E0D5-6BC2B9704355">
<createdBy>labsfiap</createdBy>
<createdTime>2024-10-21 11:33:52 UTC</createdTime>
<ownerDesignName>CP02 Relacional</ownerDesignName>
<engineerTo>
<item key="209F1FC2-CBE4-EC9E-64EB-038B99E74511" value="true"/>
</engineerTo>
<nullsAllowed>true</nullsAllowed>
<useDomainConstraints>false</useDomainConstraints>
<use>1</use>
<logicalDatatype>LOGDT024</logicalDatatype>
<dataTypeSize>60</dataTypeSize>
<ownDataTypeParameters>60,,</ownDataTypeParameters>
</Attribute>
<Attribute name="id linha" id="4510B8BD-9E31-E364-D4F6-EEBD4FF650BA">
<createdBy>labsfiap</createdBy>
<createdTime>2024-10-21 11:48:06 UTC</createdTime>
<generatorID>2E257E84-AD55-210C-CAB6-B8F4D80D112D</generatorID>
<ownerDesignName>CP02 Relacional</ownerDesignName>
<engineerTo>
<item key="209F1FC2-CBE4-EC9E-64EB-038B99E74511" value="true"/>
</engineerTo>
<referedAttribute>AAE189BD-D1A6-3504-86AE-F7F4F05E9485</referedAttribute>
<useDomainConstraints>false</useDomainConstraints>
<use>1</use>
<logicalDatatype>LOGDT011</logicalDatatype>
<ownDataTypeParameters>,,</ownDataTypeParameters>
</Attribute>
<Attribute name="id trem" id="7E7B1C94-298A-8686-6790-DE02410F393F">
<createdBy>labsfiap</createdBy>
<createdTime>2024-10-21 11:48:20 UTC</createdTime>
<generatorID>9DAE72A8-0BD8-6230-971D-A929D8F1388D</generatorID>
<ownerDesignName>CP02 Relacional</ownerDesignName>
<engineerTo>
<item key="209F1FC2-CBE4-EC9E-64EB-038B99E74511" value="true"/>
</engineerTo>
<referedAttribute>E02E8A49-06EC-A9C4-FD81-FD59488AE55E</referedAttribute>
<useDomainConstraints>false</useDomainConstraints>
<use>1</use>
<logicalDatatype>LOGDT011</logicalDatatype>
<ownDataTypeParameters>,,</ownDataTypeParameters>
</Attribute>
<Attribute name="T CTSP LINHA id linha" id="AFFE53E1-F8FD-113E-2BAF-C9DEB3F0F099">
<createdBy>labsfiap</createdBy>
<createdTime>2024-10-21 11:48:20 UTC</createdTime>
<generatorID>9DAE72A8-0BD8-6230-971D-A929D8F1388D</generatorID>
<ownerDesignName>CP02 Relacional</ownerDesignName>
<engineerTo>
<item key="209F1FC2-CBE4-EC9E-64EB-038B99E74511" value="true"/>
</engineerTo>
<referedAttribute>5FEFEA33-EACE-001A-A34D-5D50CF42AA46</referedAttribute>
<useDomainConstraints>false</useDomainConstraints>
<use>1</use>
<logicalDatatype>LOGDT011</logicalDatatype>
<ownDataTypeParameters>,,</ownDataTypeParameters>
</Attribute>
</attributes>
<identifiers itemClass="oracle.dbtools.crest.model.design.logical.CandidateKey">
<identifier id="6DAD7FA1-75F4-DD60-458C-F8CED20EC1CC" name="T_CTSP_HORARIOS_PK">
<createdBy>labsfiap</createdBy>
<createdTime>2024-10-21 11:23:19 UTC</createdTime>
<ownerDesignName>CP02 Relacional</ownerDesignName>
<shouldEngineer>false</shouldEngineer>
<engineerTo>
<item key="209F1FC2-CBE4-EC9E-64EB-038B99E74511" value="false"/>
</engineerTo>
<pk>true</pk>
<usedAttributes>
<attributeRef>52C31F49-08C2-DFD8-C907-70C93BFF9941</attributeRef>
<attributeRef>4510B8BD-9E31-E364-D4F6-EEBD4FF650BA</attributeRef>
<attributeRef>7E7B1C94-298A-8686-6790-DE02410F393F</attributeRef>
<attributeRef>AFFE53E1-F8FD-113E-2BAF-C9DEB3F0F099</attributeRef>
</usedAttributes>
</identifier>
</identifiers>
</Entity>