<?xml version = '1.0' encoding = 'UTF-8'?>
<Diagram class="oracle.dbtools.crest.swingui.logical.DPVLogical" name="Logical" id="667F4384-26D0-35F8-F542-2A9E8E3003EB">
<createdBy>labsfiap</createdBy>
<modifiedBy>labsfiap</modifiedBy>
<createdTime>2024-09-23 11:03:49 UTC</createdTime>
<autoRoute>false</autoRoute>
<boxInbox>true</boxInbox>
<showLegend>false</showLegend>
<showLabels>false</showLabels>
<showRelAttributes>false</showRelAttributes>
<gridEnabled>false</gridEnabled>
<showGrid>false</showGrid>
<diagramColor>-1</diagramColor>
<display>false</display>
<notation>1</notation>
<objectViews>
<OView class="oracle.dbtools.crest.swingui.logical.TVEntity" oid="1A03D22E-67F4-82E8-2DBA-9D76FED668A3" otype="Entity" vid="1408D62C-A145-04DA-B873-115E2CFFC251">
<hideElementsInCurrentOnly>false</hideElementsInCurrentOnly>
<bounds x="255" y="276" width="170" height="108"/>
</OView>
<OView class="oracle.dbtools.crest.swingui.logical.TVEntity" oid="3A649AAA-32C1-3258-4CA8-2751C0E80660" otype="Entity" vid="25EE4C78-C09A-0545-76E8-6C76086BB222">
<hideElementsInCurrentOnly>false</hideElementsInCurrentOnly>
<bounds x="511" y="241" width="170" height="110"/>
</OView>
<OView class="oracle.dbtools.crest.swingui.logical.TVEntity" oid="622A3F77-F361-E3BB-6120-14A8EC9FBB1F" otype="Entity" vid="80C400BD-100D-0D28-547B-C31A6942D57C">
<hideElementsInCurrentOnly>false</hideElementsInCurrentOnly>
<bounds x="259" y="72" width="170" height="110"/>
</OView>
<OView class="oracle.dbtools.crest.swingui.logical.TVEntity" oid="67A275DE-6881-4559-3C6B-AAFC2DACC1F7" otype="Entity" vid="15C6E2D7-98E0-97D0-38F6-281781292D2F">
<hideElementsInCurrentOnly>false</hideElementsInCurrentOnly>
<bounds x="774" y="73" width="170" height="110"/>
</OView>
<OView class="oracle.dbtools.crest.swingui.logical.TVEntity" oid="764A7B76-B846-1667-7CAB-8E59A5B506C4" otype="Entity" vid="80B54024-35FD-6FE8-E680-51F27CBDB920">
<hideElementsInCurrentOnly>false</hideElementsInCurrentOnly>
<bounds x="502" y="73" width="170" height="113"/>
</OView>
<OView class="oracle.dbtools.crest.swingui.logical.TVEntity" oid="84458438-AF0F-3F9F-4A82-42AD3B776F95" otype="Entity" vid="D8207B8E-4889-5ECF-5456-6988CD0490AC">
<hideElementsInCurrentOnly>false</hideElementsInCurrentOnly>
<bounds x="774" y="277" width="170" height="110"/>
</OView>
<OView class="oracle.dbtools.crest.swingui.logical.TVEntity" oid="A084E794-1647-A68D-B034-DDF21FC56795" otype="Entity" vid="BCDC3CA1-EEFD-7613-50B4-02A482B2A2B2">
<hideElementsInCurrentOnly>false</hideElementsInCurrentOnly>
<bounds x="39" y="193" width="170" height="110"/>
</OView>
</objectViews>
<connectors>
<Connector class="oracle.dbtools.crest.swingui.logical.TVRelation" oid="0AA09E56-3E9D-35C8-E788-AB26E1BFA416" otype="Relation" vid_source="BCDC3CA1-EEFD-7613-50B4-02A482B2A2B2" vid_target="1408D62C-A145-04DA-B873-115E2CFFC251">
<hideElementsInCurrentOnly>false</hideElementsInCurrentOnly>
<backgroundColor>-16777216</backgroundColor>
<lineWidth>1</lineWidth>
<points>
<point x="209" y="289"/>
<point x="255" y="289"/>
</points>
</Connector>
<Connector class="oracle.dbtools.crest.swingui.logical.TVRelation" oid="31F3C907-304C-6BDF-A7F7-AA8786BD9DCA" otype="Relation" vid_source="80B54024-35FD-6FE8-E680-51F27CBDB920" vid_target="25EE4C78-C09A-0545-76E8-6C76086BB222">
<hideElementsInCurrentOnly>false</hideElementsInCurrentOnly>
<backgroundColor>-16777216</backgroundColor>
<lineWidth>1</lineWidth>
<points>
<point x="591" y="186"/>
<point x="591" y="241"/>
</points>
</Connector>
<Connector class="oracle.dbtools.crest.swingui.logical.TVRelation" oid="9315342E-6D66-4B84-18E9-7C65D5E3CA37" otype="Relation" vid_source="15C6E2D7-98E0-97D0-38F6-281781292D2F" vid_target="D8207B8E-4889-5ECF-5456-6988CD0490AC">
<hideElementsInCurrentOnly>false</hideElementsInCurrentOnly>
<backgroundColor>-16777216</backgroundColor>
<lineWidth>1</lineWidth>
<points>
<point x="874" y="183"/>
<point x="874" y="277"/>
</points>
</Connector>
<Connector class="oracle.dbtools.crest.swingui.logical.TVRelation" oid="98085955-A7D1-05B3-4285-9465E79CA8B9" otype="Relation" vid_source="1408D62C-A145-04DA-B873-115E2CFFC251" vid_target="25EE4C78-C09A-0545-76E8-6C76086BB222">
<hideElementsInCurrentOnly>false</hideElementsInCurrentOnly>
<backgroundColor>-16777216</backgroundColor>
<lineWidth>1</lineWidth>
<points>
<point x="425" y="328"/>
<point x="511" y="328"/>
</points>
</Connector>
<Connector class="oracle.dbtools.crest.swingui.logical.TVRelation" oid="B23D92F3-BBD0-141C-7AB7-F039D381DEAF" otype="Relation" vid_source="D8207B8E-4889-5ECF-5456-6988CD0490AC" vid_target="25EE4C78-C09A-0545-76E8-6C76086BB222">
<hideElementsInCurrentOnly>false</hideElementsInCurrentOnly>
<backgroundColor>-16777216</backgroundColor>
<lineWidth>1</lineWidth>
<points>
<point x="774" y="329"/>
<point x="681" y="329"/>
</points>
</Connector>
<Connector class="oracle.dbtools.crest.swingui.logical.TVRelation" oid="C3A10D54-383E-49E9-4B04-C132D8518C58" otype="Relation" vid_source="BCDC3CA1-EEFD-7613-50B4-02A482B2A2B2" vid_target="80C400BD-100D-0D28-547B-C31A6942D57C">
<hideElementsInCurrentOnly>false</hideElementsInCurrentOnly>
<backgroundColor>-16777216</backgroundColor>
<lineWidth>1</lineWidth>
<points>
<point x="209" y="201"/>
<point x="259" y="173"/>
</points>
</Connector>
<Connector class="oracle.dbtools.crest.swingui.logical.TVRelation" oid="CAF39C28-7D8E-0DA7-EAD7-45A05AB991D7" otype="Relation" vid_source="80B54024-35FD-6FE8-E680-51F27CBDB920" vid_target="80C400BD-100D-0D28-547B-C31A6942D57C">
<hideElementsInCurrentOnly>false</hideElementsInCurrentOnly>
<backgroundColor>-16777216</backgroundColor>
<lineWidth>1</lineWidth>
<points>
<point x="502" y="127"/>
<point x="429" y="127"/>
</points>
</Connector>
<Connector class="oracle.dbtools.crest.swingui.logical.TVRelation" oid="E2A03021-7DCD-CA57-FF3A-2C6D18586356" otype="Relation" vid_source="15C6E2D7-98E0-97D0-38F6-281781292D2F" vid_target="80B54024-35FD-6FE8-E680-51F27CBDB920">
<hideElementsInCurrentOnly>false</hideElementsInCurrentOnly>
<backgroundColor>-16777216</backgroundColor>
<lineWidth>1</lineWidth>
<points>
<point x="774" y="128"/>
<point x="672" y="128"/>
</points>
</Connector>
</connectors>
</Diagram>