<?xml version = '1.0' encoding = 'UTF-8'?>
<Entity class="oracle.dbtools.crest.model.design.logical.Entity" directorySegmentName="seg_0" id="1A03D22E-67F4-82E8-2DBA-9D76FED668A3" name="PROFESSOR">
<createdBy>labsfiap</createdBy>
<createdTime>2024-09-23 11:06:11 UTC</createdTime>
<ownerDesignName>aula05</ownerDesignName>
<engineerTo>
<item key="0C52968C-7B64-ED5A-DA44-A77375EDB637" value="true"/>
</engineerTo>
<adequatelyNormalized>NO</adequatelyNormalized>
<expectedVolumes>0</expectedVolumes>
<fwdEngineeringStrategyName>Single Table</fwdEngineeringStrategyName>
<growthPercent>0</growthPercent>
<growthType>Year</growthType>
<maxVolumes>9999999</maxVolumes>
<minVolumes>0</minVolumes>
<normalForm>Third</normalForm>
<attributes itemClass="oracle.dbtools.crest.model.design.logical.Attribute">
<Attribute name="id_professor" id="4B125C15-E5F3-17AB-E32E-009068AE3209">
<createdBy>labsfiap</createdBy>
<createdTime>2024-09-23 11:14:52 UTC</createdTime>
<ownerDesignName>aula05</ownerDesignName>
<engineerTo>
<item key="0C52968C-7B64-ED5A-DA44-A77375EDB637" value="true"/>
</engineerTo>
<use>0</use>
<ownDataTypeParameters>,,</ownDataTypeParameters>
</Attribute>
<Attribute name="nome" id="43DD3006-0B9B-27A5-0651-F926CE325085">
<createdBy>labsfiap</createdBy>
<createdTime>2024-09-23 11:14:58 UTC</createdTime>
<ownerDesignName>aula05</ownerDesignName>
<engineerTo>
<item key="0C52968C-7B64-ED5A-DA44-A77375EDB637" value="true"/>
</engineerTo>
<use>0</use>
<ownDataTypeParameters>,,</ownDataTypeParameters>
</Attribute>
<Attribute name="cpf" id="C5340552-237D-EA6B-B6DC-610E65E24D64">
<createdBy>labsfiap</createdBy>
<createdTime>2024-09-23 11:15:02 UTC</createdTime>
<ownerDesignName>aula05</ownerDesignName>
<engineerTo>
<item key="0C52968C-7B64-ED5A-DA44-A77375EDB637" value="true"/>
</engineerTo>
<use>0</use>
<ownDataTypeParameters>,,</ownDataTypeParameters>
</Attribute>
<Attribute name="data_nascimento" id="BAB606C3-4BED-45DB-5464-72B5D84E1618">
<createdBy>labsfiap</createdBy>
<createdTime>2024-09-23 11:15:08 UTC</createdTime>
<ownerDesignName>aula05</ownerDesignName>
<engineerTo>
<item key="0C52968C-7B64-ED5A-DA44-A77375EDB637" value="true"/>
</engineerTo>
<use>0</use>
<ownDataTypeParameters>,,</ownDataTypeParameters>
</Attribute>
<Attribute name="genero" id="C4993652-AD99-84BF-4507-A83C6C020274">
<createdBy>labsfiap</createdBy>
<createdTime>2024-09-23 11:15:19 UTC</createdTime>
<ownerDesignName>aula05</ownerDesignName>
<engineerTo>
<item key="0C52968C-7B64-ED5A-DA44-A77375EDB637" value="true"/>
</engineerTo>
<nullsAllowed>true</nullsAllowed>
<use>0</use>
<ownDataTypeParameters>,,</ownDataTypeParameters>
</Attribute>
<Attribute name="ID_AUTENTICA" id="C720A9A5-6BB7-B870-2CB9-D2D79ABC506C">
<createdBy>labsfiap</createdBy>
<createdTime>2024-09-23 11:32:21 UTC</createdTime>
<generatorID>0AA09E56-3E9D-35C8-E788-AB26E1BFA416</generatorID>
<ownerDesignName>aula05</ownerDesignName>
<engineerTo>
<item key="0C52968C-7B64-ED5A-DA44-A77375EDB637" value="true"/>
</engineerTo>
<referedAttribute>01D5C55A-5062-997F-56CA-398D2569BF31</referedAttribute>
<use>0</use>
<ownDataTypeParameters>,,</ownDataTypeParameters>
</Attribute>
</attributes>
<identifiers itemClass="oracle.dbtools.crest.model.design.logical.CandidateKey">
<identifier id="C1D74DA7-C739-0B0D-60D1-E946A17F6E88" name="PROFESSOR PK">
<createdBy>labsfiap</createdBy>
<createdTime>2024-09-23 11:14:56 UTC</createdTime>
<ownerDesignName>aula05</ownerDesignName>
<engineerTo>
<item key="0C52968C-7B64-ED5A-DA44-A77375EDB637" value="true"/>
</engineerTo>
<pk>true</pk>
<usedAttributes>
<attributeRef>4B125C15-E5F3-17AB-E32E-009068AE3209</attributeRef>
</usedAttributes>
</identifier>
</identifiers>
</Entity>