<?xml version = '1.0' encoding = 'UTF-8'?>
<Entity class="oracle.dbtools.crest.model.design.logical.Entity" directorySegmentName="seg_0" id="3A649AAA-32C1-3258-4CA8-2751C0E80660" name="GRADE">
<createdBy>labsfiap</createdBy>
<createdTime>2024-09-23 11:06:01 UTC</createdTime>
<ownerDesignName>aula05</ownerDesignName>
<engineerTo>
<item key="0C52968C-7B64-ED5A-DA44-A77375EDB637" value="true"/>
</engineerTo>
<adequatelyNormalized>NO</adequatelyNormalized>
<expectedVolumes>0</expectedVolumes>
<fwdEngineeringStrategyName>Single Table</fwdEngineeringStrategyName>
<growthPercent>0</growthPercent>
<growthType>Year</growthType>
<maxVolumes>9999999</maxVolumes>
<minVolumes>0</minVolumes>
<normalForm>Third</normalForm>
<attributes itemClass="oracle.dbtools.crest.model.design.logical.Attribute">
<Attribute name="id_grade" id="2E7B30EC-6051-7793-1CE7-DD3F1A477ACD">
<createdBy>labsfiap</createdBy>
<createdTime>2024-09-23 11:15:35 UTC</createdTime>
<ownerDesignName>aula05</ownerDesignName>
<engineerTo>
<item key="0C52968C-7B64-ED5A-DA44-A77375EDB637" value="true"/>
</engineerTo>
<use>0</use>
<ownDataTypeParameters>,,</ownDataTypeParameters>
</Attribute>
<Attribute name="hora_inicio" id="3E68736E-B24D-D100-D08E-7DF7B4F4E5D1">
<createdBy>labsfiap</createdBy>
<createdTime>2024-09-23 11:15:43 UTC</createdTime>
<ownerDesignName>aula05</ownerDesignName>
<engineerTo>
<item key="0C52968C-7B64-ED5A-DA44-A77375EDB637" value="true"/>
</engineerTo>
<use>0</use>
<ownDataTypeParameters>,,</ownDataTypeParameters>
</Attribute>
<Attribute name="hora_fim" id="6BA07520-6795-B7FC-8D30-0F6A2F6F1DA0">
<createdBy>labsfiap</createdBy>
<createdTime>2024-09-23 11:15:53 UTC</createdTime>
<ownerDesignName>aula05</ownerDesignName>
<engineerTo>
<item key="0C52968C-7B64-ED5A-DA44-A77375EDB637" value="true"/>
</engineerTo>
<use>0</use>
<ownDataTypeParameters>,,</ownDataTypeParameters>
</Attribute>
<Attribute name="sala" id="6D12270B-2621-8AF4-4EFA-ED722ED5C85F">
<createdBy>labsfiap</createdBy>
<createdTime>2024-09-23 11:16:04 UTC</createdTime>
<ownerDesignName>aula05</ownerDesignName>
<engineerTo>
<item key="0C52968C-7B64-ED5A-DA44-A77375EDB637" value="true"/>
</engineerTo>
<use>0</use>
<ownDataTypeParameters>,,</ownDataTypeParameters>
</Attribute>
<Attribute name="andar" id="D4AA6D62-FD38-52B4-FE17-93B2558426C0">
<createdBy>labsfiap</createdBy>
<createdTime>2024-09-23 11:16:16 UTC</createdTime>
<ownerDesignName>aula05</ownerDesignName>
<engineerTo>
<item key="0C52968C-7B64-ED5A-DA44-A77375EDB637" value="true"/>
</engineerTo>
<nullsAllowed>true</nullsAllowed>
<use>0</use>
<ownDataTypeParameters>,,</ownDataTypeParameters>
</Attribute>
<Attribute name="id_professor" id="D2EB42FA-2A8A-2C51-EFD3-5FEFB893551E">
<createdBy>labsfiap</createdBy>
<createdTime>2024-09-23 11:31:48 UTC</createdTime>
<generatorID>98085955-A7D1-05B3-4285-9465E79CA8B9</generatorID>
<ownerDesignName>aula05</ownerDesignName>
<engineerTo>
<item key="0C52968C-7B64-ED5A-DA44-A77375EDB637" value="true"/>
</engineerTo>
<referedAttribute>4B125C15-E5F3-17AB-E32E-009068AE3209</referedAttribute>
<use>0</use>
<ownDataTypeParameters>,,</ownDataTypeParameters>
</Attribute>
<Attribute name="id_turma" id="2DAC246A-B6EB-7F4D-E635-3BA319EA59B3">
<createdBy>labsfiap</createdBy>
<createdTime>2024-09-23 11:32:56 UTC</createdTime>
<generatorID>31F3C907-304C-6BDF-A7F7-AA8786BD9DCA</generatorID>
<ownerDesignName>aula05</ownerDesignName>
<engineerTo>
<item key="0C52968C-7B64-ED5A-DA44-A77375EDB637" value="true"/>
</engineerTo>
<referedAttribute>EC3BE3A6-5EAD-BB1E-C1C9-BE3176581B56</referedAttribute>
<use>0</use>
<ownDataTypeParameters>,,</ownDataTypeParameters>
</Attribute>
<Attribute name="id_disciplina" id="FD86F3C1-D988-7408-AAAC-A51C266CFE0F">
<createdBy>labsfiap</createdBy>
<createdTime>2024-09-23 11:33:32 UTC</createdTime>
<generatorID>B23D92F3-BBD0-141C-7AB7-F039D381DEAF</generatorID>
<ownerDesignName>aula05</ownerDesignName>
<engineerTo>
<item key="0C52968C-7B64-ED5A-DA44-A77375EDB637" value="true"/>
</engineerTo>
<referedAttribute>BD2C3248-2C08-26AF-9582-247921013104</referedAttribute>
<use>0</use>
<ownDataTypeParameters>,,</ownDataTypeParameters>
</Attribute>
</attributes>
<identifiers itemClass="oracle.dbtools.crest.model.design.logical.CandidateKey">
<identifier id="51769986-5C8B-27AA-42C7-D6BCC1C4B96D" name="GRADE PK">
<createdBy>labsfiap</createdBy>
<createdTime>2024-09-23 11:15:42 UTC</createdTime>
<ownerDesignName>aula05</ownerDesignName>
<engineerTo>
<item key="0C52968C-7B64-ED5A-DA44-A77375EDB637" value="true"/>
</engineerTo>
<pk>true</pk>
<usedAttributes>
<attributeRef>2E7B30EC-6051-7793-1CE7-DD3F1A477ACD</attributeRef>
</usedAttributes>
</identifier>
</identifiers>
</Entity>