<?xml version = '1.0' encoding = 'UTF-8'?>
<Entity class="oracle.dbtools.crest.model.design.logical.Entity" directorySegmentName="seg_0" id="622A3F77-F361-E3BB-6120-14A8EC9FBB1F" name="ALUNO">
<createdBy>labsfiap</createdBy>
<createdTime>2024-09-23 11:05:02 UTC</createdTime>
<ownerDesignName>aula05</ownerDesignName>
<engineerTo>
<item key="0C52968C-7B64-ED5A-DA44-A77375EDB637" value="true"/>
</engineerTo>
<adequatelyNormalized>NO</adequatelyNormalized>
<expectedVolumes>0</expectedVolumes>
<fwdEngineeringStrategyName>Single Table</fwdEngineeringStrategyName>
<growthPercent>0</growthPercent>
<growthType>Year</growthType>
<maxVolumes>9999999</maxVolumes>
<minVolumes>0</minVolumes>
<normalForm>Third</normalForm>
<attributes itemClass="oracle.dbtools.crest.model.design.logical.Attribute">
<Attribute name="ra" id="2F93EE18-D625-1E7A-9F85-F259A44C7C57">
<createdBy>labsfiap</createdBy>
<createdTime>2024-09-23 11:10:19 UTC</createdTime>
<ownerDesignName>aula05</ownerDesignName>
<engineerTo>
<item key="0C52968C-7B64-ED5A-DA44-A77375EDB637" value="true"/>
</engineerTo>
<use>0</use>
<ownDataTypeParameters>,,</ownDataTypeParameters>
</Attribute>
<Attribute name="nome" id="4EE73A2F-8C87-0D5F-90B5-8B48EDBD508D">
<createdBy>labsfiap</createdBy>
<createdTime>2024-09-23 11:11:14 UTC</createdTime>
<ownerDesignName>aula05</ownerDesignName>
<engineerTo>
<item key="0C52968C-7B64-ED5A-DA44-A77375EDB637" value="true"/>
</engineerTo>
<use>0</use>
<ownDataTypeParameters>,,</ownDataTypeParameters>
</Attribute>
<Attribute name="data_nascimento" id="53D3B605-E535-4758-695F-C36551EBD20D">
<createdBy>labsfiap</createdBy>
<createdTime>2024-09-23 11:11:27 UTC</createdTime>
<ownerDesignName>aula05</ownerDesignName>
<engineerTo>
<item key="0C52968C-7B64-ED5A-DA44-A77375EDB637" value="true"/>
</engineerTo>
<use>0</use>
<ownDataTypeParameters>,,</ownDataTypeParameters>
</Attribute>
<Attribute name="genero" id="33314310-A554-F308-1636-955103314EAB">
<createdBy>labsfiap</createdBy>
<createdTime>2024-09-23 11:11:46 UTC</createdTime>
<ownerDesignName>aula05</ownerDesignName>
<engineerTo>
<item key="0C52968C-7B64-ED5A-DA44-A77375EDB637" value="true"/>
</engineerTo>
<nullsAllowed>true</nullsAllowed>
<use>0</use>
<ownDataTypeParameters>,,</ownDataTypeParameters>
</Attribute>
<Attribute name="cpf" id="8A875761-5441-5334-369C-144C1FEFA109">
<createdBy>labsfiap</createdBy>
<createdTime>2024-09-23 11:11:56 UTC</createdTime>
<ownerDesignName>aula05</ownerDesignName>
<engineerTo>
<item key="0C52968C-7B64-ED5A-DA44-A77375EDB637" value="true"/>
</engineerTo>
<use>0</use>
<ownDataTypeParameters>,,</ownDataTypeParameters>
</Attribute>
<Attribute name="ID_AUTENTICA" id="A966EE18-51C3-44FA-C94D-73FDDBE1FE6C">
<createdBy>labsfiap</createdBy>
<createdTime>2024-09-23 11:28:09 UTC</createdTime>
<generatorID>C3A10D54-383E-49E9-4B04-C132D8518C58</generatorID>
<ownerDesignName>aula05</ownerDesignName>
<engineerTo>
<item key="0C52968C-7B64-ED5A-DA44-A77375EDB637" value="true"/>
</engineerTo>
<referedAttribute>01D5C55A-5062-997F-56CA-398D2569BF31</referedAttribute>
<use>0</use>
<ownDataTypeParameters>,,</ownDataTypeParameters>
</Attribute>
<Attribute name="id_turma" id="16FB3B4E-D9B9-92EF-9CE0-B571D84B0F35">
<createdBy>labsfiap</createdBy>
<createdTime>2024-09-23 11:28:38 UTC</createdTime>
<generatorID>CAF39C28-7D8E-0DA7-EAD7-45A05AB991D7</generatorID>
<ownerDesignName>aula05</ownerDesignName>
<engineerTo>
<item key="0C52968C-7B64-ED5A-DA44-A77375EDB637" value="true"/>
</engineerTo>
<referedAttribute>EC3BE3A6-5EAD-BB1E-C1C9-BE3176581B56</referedAttribute>
<use>0</use>
<ownDataTypeParameters>,,</ownDataTypeParameters>
</Attribute>
</attributes>
<identifiers itemClass="oracle.dbtools.crest.model.design.logical.CandidateKey">
<identifier id="003438F9-D60E-87CE-2D56-2A403603585D" name="ALUNO PK">
<createdBy>labsfiap</createdBy>
<createdTime>2024-09-23 11:10:38 UTC</createdTime>
<ownerDesignName>aula05</ownerDesignName>
<engineerTo>
<item key="0C52968C-7B64-ED5A-DA44-A77375EDB637" value="true"/>
</engineerTo>
<pk>true</pk>
<usedAttributes>
<attributeRef>2F93EE18-D625-1E7A-9F85-F259A44C7C57</attributeRef>
</usedAttributes>
</identifier>
</identifiers>
</Entity>