<?xml version = '1.0' encoding = 'UTF-8'?>
<Entity class="oracle.dbtools.crest.model.design.logical.Entity" directorySegmentName="seg_0" id="67A275DE-6881-4559-3C6B-AAFC2DACC1F7" name="CURSO">
<createdBy>labsfiap</createdBy>
<createdTime>2024-09-23 11:06:18 UTC</createdTime>
<ownerDesignName>aula05</ownerDesignName>
<engineerTo>
<item key="0C52968C-7B64-ED5A-DA44-A77375EDB637" value="true"/>
</engineerTo>
<adequatelyNormalized>NO</adequatelyNormalized>
<expectedVolumes>0</expectedVolumes>
<fwdEngineeringStrategyName>Single Table</fwdEngineeringStrategyName>
<growthPercent>0</growthPercent>
<growthType>Year</growthType>
<maxVolumes>9999999</maxVolumes>
<minVolumes>0</minVolumes>
<normalForm>Third</normalForm>
<attributes itemClass="oracle.dbtools.crest.model.design.logical.Attribute">
<Attribute name="id_curso" id="57000812-CC08-82D6-9B78-643AACD2CAEF">
<createdBy>labsfiap</createdBy>
<createdTime>2024-09-23 11:14:13 UTC</createdTime>
<ownerDesignName>aula05</ownerDesignName>
<engineerTo>
<item key="0C52968C-7B64-ED5A-DA44-A77375EDB637" value="true"/>
</engineerTo>
<use>0</use>
<ownDataTypeParameters>,,</ownDataTypeParameters>
</Attribute>
<Attribute name="nome" id="410939BA-4C5C-0905-E4BC-BFE18AD5636C">
<createdBy>labsfiap</createdBy>
<createdTime>2024-09-23 11:14:21 UTC</createdTime>
<ownerDesignName>aula05</ownerDesignName>
<engineerTo>
<item key="0C52968C-7B64-ED5A-DA44-A77375EDB637" value="true"/>
</engineerTo>
<use>0</use>
<ownDataTypeParameters>,,</ownDataTypeParameters>
</Attribute>
<Attribute name="carga_horaria" id="CC4AC73F-A4D8-AC15-1722-2DDBF3E80573">
<createdBy>labsfiap</createdBy>
<createdTime>2024-09-23 11:14:30 UTC</createdTime>
<ownerDesignName>aula05</ownerDesignName>
<engineerTo>
<item key="0C52968C-7B64-ED5A-DA44-A77375EDB637" value="true"/>
</engineerTo>
<use>0</use>
<ownDataTypeParameters>,,</ownDataTypeParameters>
</Attribute>
</attributes>
<identifiers itemClass="oracle.dbtools.crest.model.design.logical.CandidateKey">
<identifier id="6966F00E-AB9B-1852-CA23-1FA75626EAC4" name="CURSO PK">
<createdBy>labsfiap</createdBy>
<createdTime>2024-09-23 11:14:19 UTC</createdTime>
<ownerDesignName>aula05</ownerDesignName>
<engineerTo>
<item key="0C52968C-7B64-ED5A-DA44-A77375EDB637" value="true"/>
</engineerTo>
<pk>true</pk>
<usedAttributes>
<attributeRef>57000812-CC08-82D6-9B78-643AACD2CAEF</attributeRef>
</usedAttributes>
</identifier>
</identifiers>
</Entity>