<?xml version = '1.0' encoding = 'UTF-8'?>
<Entity class="oracle.dbtools.crest.model.design.logical.Entity" directorySegmentName="seg_0" id="764A7B76-B846-1667-7CAB-8E59A5B506C4" name="TURMA">
<createdBy>labsfiap</createdBy>
<createdTime>2024-09-23 11:04:50 UTC</createdTime>
<ownerDesignName>aula05</ownerDesignName>
<engineerTo>
<item key="0C52968C-7B64-ED5A-DA44-A77375EDB637" value="true"/>
</engineerTo>
<adequatelyNormalized>NO</adequatelyNormalized>
<expectedVolumes>0</expectedVolumes>
<fwdEngineeringStrategyName>Single Table</fwdEngineeringStrategyName>
<growthPercent>0</growthPercent>
<growthType>Year</growthType>
<maxVolumes>9999999</maxVolumes>
<minVolumes>0</minVolumes>
<normalForm>Third</normalForm>
<attributes itemClass="oracle.dbtools.crest.model.design.logical.Attribute">
<Attribute name="id_turma" id="EC3BE3A6-5EAD-BB1E-C1C9-BE3176581B56">
<createdBy>labsfiap</createdBy>
<createdTime>2024-09-23 11:12:55 UTC</createdTime>
<ownerDesignName>aula05</ownerDesignName>
<engineerTo>
<item key="0C52968C-7B64-ED5A-DA44-A77375EDB637" value="true"/>
</engineerTo>
<use>0</use>
<ownDataTypeParameters>,,</ownDataTypeParameters>
</Attribute>
<Attribute name="nome_turma" id="6C59B95D-208C-AECD-F255-427D29079DEA">
<createdBy>labsfiap</createdBy>
<createdTime>2024-09-23 11:13:07 UTC</createdTime>
<ownerDesignName>aula05</ownerDesignName>
<engineerTo>
<item key="0C52968C-7B64-ED5A-DA44-A77375EDB637" value="true"/>
</engineerTo>
<use>0</use>
<ownDataTypeParameters>,,</ownDataTypeParameters>
</Attribute>
<Attribute name="sala" id="AA0BEA2B-5C9D-F0C4-E564-C079FB14C3E0">
<createdBy>labsfiap</createdBy>
<createdTime>2024-09-23 11:13:19 UTC</createdTime>
<ownerDesignName>aula05</ownerDesignName>
<engineerTo>
<item key="0C52968C-7B64-ED5A-DA44-A77375EDB637" value="true"/>
</engineerTo>
<use>0</use>
<ownDataTypeParameters>,,</ownDataTypeParameters>
</Attribute>
<Attribute name="periodo" id="CE302837-0963-2ECF-B2B9-645C3F1CEC02">
<createdBy>labsfiap</createdBy>
<createdTime>2024-09-23 11:13:29 UTC</createdTime>
<ownerDesignName>aula05</ownerDesignName>
<engineerTo>
<item key="0C52968C-7B64-ED5A-DA44-A77375EDB637" value="true"/>
</engineerTo>
<use>0</use>
<ownDataTypeParameters>,,</ownDataTypeParameters>
</Attribute>
<Attribute name="modalidade" id="D12A1C33-A7B1-67E2-8B2A-A93C0B9272C5">
<createdBy>labsfiap</createdBy>
<createdTime>2024-09-23 11:13:39 UTC</createdTime>
<ownerDesignName>aula05</ownerDesignName>
<engineerTo>
<item key="0C52968C-7B64-ED5A-DA44-A77375EDB637" value="true"/>
</engineerTo>
<use>0</use>
<ownDataTypeParameters>,,</ownDataTypeParameters>
</Attribute>
<Attribute name="id_curso" id="F34B00C4-B274-58BA-9105-D0D1835469C2">
<createdBy>labsfiap</createdBy>
<createdTime>2024-09-23 11:29:09 UTC</createdTime>
<generatorID>E2A03021-7DCD-CA57-FF3A-2C6D18586356</generatorID>
<ownerDesignName>aula05</ownerDesignName>
<engineerTo>
<item key="0C52968C-7B64-ED5A-DA44-A77375EDB637" value="true"/>
</engineerTo>
<referedAttribute>57000812-CC08-82D6-9B78-643AACD2CAEF</referedAttribute>
<use>0</use>
<ownDataTypeParameters>,,</ownDataTypeParameters>
</Attribute>
</attributes>
<identifiers itemClass="oracle.dbtools.crest.model.design.logical.CandidateKey">
<identifier id="3922CCF3-7666-E367-5E20-408660B39BC1" name="TURMA PK">
<createdBy>labsfiap</createdBy>
<createdTime>2024-09-23 11:13:00 UTC</createdTime>
<ownerDesignName>aula05</ownerDesignName>
<engineerTo>
<item key="0C52968C-7B64-ED5A-DA44-A77375EDB637" value="true"/>
</engineerTo>
<pk>true</pk>
<usedAttributes>
<attributeRef>EC3BE3A6-5EAD-BB1E-C1C9-BE3176581B56</attributeRef>
</usedAttributes>
</identifier>
</identifiers>
</Entity>