<?xml version = '1.0' encoding = 'UTF-8'?>
<Entity class="oracle.dbtools.crest.model.design.logical.Entity" directorySegmentName="seg_0" id="84458438-AF0F-3F9F-4A82-42AD3B776F95" name="DISCIPLINA">
<createdBy>labsfiap</createdBy>
<createdTime>2024-09-23 11:05:46 UTC</createdTime>
<ownerDesignName>aula05</ownerDesignName>
<engineerTo>
<item key="0C52968C-7B64-ED5A-DA44-A77375EDB637" value="true"/>
</engineerTo>
<adequatelyNormalized>NO</adequatelyNormalized>
<expectedVolumes>0</expectedVolumes>
<fwdEngineeringStrategyName>Single Table</fwdEngineeringStrategyName>
<growthPercent>0</growthPercent>
<growthType>Year</growthType>
<maxVolumes>9999999</maxVolumes>
<minVolumes>0</minVolumes>
<normalForm>Third</normalForm>
<attributes itemClass="oracle.dbtools.crest.model.design.logical.Attribute">
<Attribute name="id_disciplina" id="BD2C3248-2C08-26AF-9582-247921013104">
<createdBy>labsfiap</createdBy>
<createdTime>2024-09-23 11:16:27 UTC</createdTime>
<ownerDesignName>aula05</ownerDesignName>
<engineerTo>
<item key="0C52968C-7B64-ED5A-DA44-A77375EDB637" value="true"/>
</engineerTo>
<use>0</use>
<ownDataTypeParameters>,,</ownDataTypeParameters>
</Attribute>
<Attribute name="nome" id="02C13F9D-03BE-D3FF-F2C7-65F4647E1B85">
<createdBy>labsfiap</createdBy>
<createdTime>2024-09-23 11:16:33 UTC</createdTime>
<ownerDesignName>aula05</ownerDesignName>
<engineerTo>
<item key="0C52968C-7B64-ED5A-DA44-A77375EDB637" value="true"/>
</engineerTo>
<use>0</use>
<ownDataTypeParameters>,,</ownDataTypeParameters>
</Attribute>
<Attribute name="carga_horaria" id="44BAFB08-8D0E-E52B-6A33-9F7E971F4BC2">
<createdBy>labsfiap</createdBy>
<createdTime>2024-09-23 11:16:41 UTC</createdTime>
<ownerDesignName>aula05</ownerDesignName>
<engineerTo>
<item key="0C52968C-7B64-ED5A-DA44-A77375EDB637" value="true"/>
</engineerTo>
<use>0</use>
<ownDataTypeParameters>,,</ownDataTypeParameters>
</Attribute>
<Attribute name="plano_ensino" id="E17DE9F5-9C27-D713-5D00-121ABE7E4137">
<createdBy>labsfiap</createdBy>
<createdTime>2024-09-23 11:16:49 UTC</createdTime>
<ownerDesignName>aula05</ownerDesignName>
<engineerTo>
<item key="0C52968C-7B64-ED5A-DA44-A77375EDB637" value="true"/>
</engineerTo>
<use>0</use>
<ownDataTypeParameters>,,</ownDataTypeParameters>
</Attribute>
<Attribute name="id_curso" id="8F4113AA-D523-39B8-EF4E-D94A54285D21">
<createdBy>labsfiap</createdBy>
<createdTime>2024-09-23 11:29:28 UTC</createdTime>
<generatorID>9315342E-6D66-4B84-18E9-7C65D5E3CA37</generatorID>
<ownerDesignName>aula05</ownerDesignName>
<engineerTo>
<item key="0C52968C-7B64-ED5A-DA44-A77375EDB637" value="true"/>
</engineerTo>
<referedAttribute>57000812-CC08-82D6-9B78-643AACD2CAEF</referedAttribute>
<use>0</use>
<ownDataTypeParameters>,,</ownDataTypeParameters>
</Attribute>
</attributes>
<identifiers itemClass="oracle.dbtools.crest.model.design.logical.CandidateKey">
<identifier id="3EBEA580-322F-4A84-29F1-747345622A0A" name="DISCIPLINA PK">
<createdBy>labsfiap</createdBy>
<createdTime>2024-09-23 11:16:32 UTC</createdTime>
<ownerDesignName>aula05</ownerDesignName>
<engineerTo>
<item key="0C52968C-7B64-ED5A-DA44-A77375EDB637" value="true"/>
</engineerTo>
<pk>true</pk>
<usedAttributes>
<attributeRef>BD2C3248-2C08-26AF-9582-247921013104</attributeRef>
</usedAttributes>
</identifier>
</identifiers>
</Entity>