<?xml version = '1.0' encoding = 'UTF-8'?>
<Entity class="oracle.dbtools.crest.model.design.logical.Entity" directorySegmentName="seg_0" id="A084E794-1647-A68D-B034-DDF21FC56795" name="AUTENTICA">
<createdBy>labsfiap</createdBy>
<createdTime>2024-09-23 11:24:35 UTC</createdTime>
<ownerDesignName>aula05</ownerDesignName>
<engineerTo>
<item key="0C52968C-7B64-ED5A-DA44-A77375EDB637" value="true"/>
</engineerTo>
<adequatelyNormalized>NO</adequatelyNormalized>
<expectedVolumes>0</expectedVolumes>
<fwdEngineeringStrategyName>Single Table</fwdEngineeringStrategyName>
<growthPercent>0</growthPercent>
<growthType>Year</growthType>
<maxVolumes>9999999</maxVolumes>
<minVolumes>0</minVolumes>
<normalForm>Third</normalForm>
<attributes itemClass="oracle.dbtools.crest.model.design.logical.Attribute">
<Attribute name="ID_AUTENTICA" id="01D5C55A-5062-997F-56CA-398D2569BF31">
<createdBy>labsfiap</createdBy>
<createdTime>2024-09-23 11:24:55 UTC</createdTime>
<ownerDesignName>aula05</ownerDesignName>
<engineerTo>
<item key="0C52968C-7B64-ED5A-DA44-A77375EDB637" value="true"/>
</engineerTo>
<use>0</use>
<ownDataTypeParameters>,,</ownDataTypeParameters>
</Attribute>
<Attribute name="login" id="93782BED-99F6-5B7D-1862-6168D0A17156">
<createdBy>labsfiap</createdBy>
<createdTime>2024-09-23 11:25:03 UTC</createdTime>
<ownerDesignName>aula05</ownerDesignName>
<engineerTo>
<item key="0C52968C-7B64-ED5A-DA44-A77375EDB637" value="true"/>
</engineerTo>
<use>0</use>
<ownDataTypeParameters>,,</ownDataTypeParameters>
</Attribute>
<Attribute name="senha" id="20C5BA1B-07F3-B423-F0FC-62291B1EE1D1">
<createdBy>labsfiap</createdBy>
<createdTime>2024-09-23 11:25:12 UTC</createdTime>
<ownerDesignName>aula05</ownerDesignName>
<engineerTo>
<item key="0C52968C-7B64-ED5A-DA44-A77375EDB637" value="true"/>
</engineerTo>
<use>0</use>
<ownDataTypeParameters>,,</ownDataTypeParameters>
</Attribute>
<Attribute name="redefinir_senha" id="19DE57CA-5468-03E2-3A65-CEEA0D59B40F">
<createdBy>labsfiap</createdBy>
<createdTime>2024-09-23 11:25:17 UTC</createdTime>
<ownerDesignName>aula05</ownerDesignName>
<engineerTo>
<item key="0C52968C-7B64-ED5A-DA44-A77375EDB637" value="true"/>
</engineerTo>
<use>0</use>
<ownDataTypeParameters>,,</ownDataTypeParameters>
</Attribute>
</attributes>
<identifiers itemClass="oracle.dbtools.crest.model.design.logical.CandidateKey">
<identifier id="AEBA3086-B53B-0CB9-4477-BA516CA2E772" name="AUTENTICA PK">
<createdBy>labsfiap</createdBy>
<createdTime>2024-09-23 11:25:02 UTC</createdTime>
<ownerDesignName>aula05</ownerDesignName>
<engineerTo>
<item key="0C52968C-7B64-ED5A-DA44-A77375EDB637" value="true"/>
</engineerTo>
<pk>true</pk>
<usedAttributes>
<attributeRef>01D5C55A-5062-997F-56CA-398D2569BF31</attributeRef>
</usedAttributes>
</identifier>
</identifiers>
</Entity>