<?xml version = '1.0' encoding = 'UTF-8'?>
<Entity class="oracle.dbtools.crest.model.design.logical.Entity" directorySegmentName="seg_0" id="098FEDB9-313D-3809-F698-E208528BB239" name="AVALIACOES">
<createdBy>labsfiap</createdBy>
<createdTime>2024-09-23 11:48:19 UTC</createdTime>
<ownerDesignName>aula05desafio</ownerDesignName>
<engineerTo>
<item key="A089C93B-2320-BFDA-2B72-25DEAEF19DD4" value="true"/>
</engineerTo>
<adequatelyNormalized>NO</adequatelyNormalized>
<expectedVolumes>0</expectedVolumes>
<fwdEngineeringStrategyName>Single Table</fwdEngineeringStrategyName>
<growthPercent>0</growthPercent>
<growthType>Year</growthType>
<maxVolumes>9999999</maxVolumes>
<minVolumes>0</minVolumes>
<normalForm>Third</normalForm>
<attributes itemClass="oracle.dbtools.crest.model.design.logical.Attribute">
<Attribute name="id_cliente" id="751F4387-F14E-1D43-3B62-0E85FC170E4D">
<createdBy>labsfiap</createdBy>
<createdTime>2024-09-23 12:05:59 UTC</createdTime>
<generatorID>6CF697D5-839D-4E60-984A-80DB38BF352C</generatorID>
<ownerDesignName>aula05desafio</ownerDesignName>
<engineerTo>
<item key="A089C93B-2320-BFDA-2B72-25DEAEF19DD4" value="true"/>
</engineerTo>
<referedAttribute>09A6227D-B328-76AB-9832-A91A2E62CF3C</referedAttribute>
<use>0</use>
<ownDataTypeParameters>,,</ownDataTypeParameters>
</Attribute>
<Attribute name="id_avaliacoes" id="69548011-076C-30D9-1104-B9B3E451EB69">
<createdBy>labsfiap</createdBy>
<createdTime>2024-09-23 12:14:15 UTC</createdTime>
<ownerDesignName>aula05desafio</ownerDesignName>
<engineerTo>
<item key="A089C93B-2320-BFDA-2B72-25DEAEF19DD4" value="true"/>
</engineerTo>
<use>0</use>
<ownDataTypeParameters>,,</ownDataTypeParameters>
</Attribute>
<Attribute name="quantidade_avaliacoes" id="1FB1CE63-F522-2696-9A55-4C69EFB9B972">
<createdBy>labsfiap</createdBy>
<createdTime>2024-09-23 12:14:23 UTC</createdTime>
<ownerDesignName>aula05desafio</ownerDesignName>
<engineerTo>
<item key="A089C93B-2320-BFDA-2B72-25DEAEF19DD4" value="true"/>
</engineerTo>
<use>0</use>
<ownDataTypeParameters>,,</ownDataTypeParameters>
</Attribute>
<Attribute name="avalia_entrega" id="4266B3B6-195E-48C6-7E0A-B3C8410D0C91">
<createdBy>labsfiap</createdBy>
<createdTime>2024-09-23 12:14:35 UTC</createdTime>
<ownerDesignName>aula05desafio</ownerDesignName>
<engineerTo>
<item key="A089C93B-2320-BFDA-2B72-25DEAEF19DD4" value="true"/>
</engineerTo>
<use>0</use>
<ownDataTypeParameters>,,</ownDataTypeParameters>
</Attribute>
<Attribute name="total_estrelas" id="443304E6-BAA8-FD87-1C64-9D24879D2916">
<createdBy>labsfiap</createdBy>
<createdTime>2024-09-23 12:14:55 UTC</createdTime>
<ownerDesignName>aula05desafio</ownerDesignName>
<engineerTo>
<item key="A089C93B-2320-BFDA-2B72-25DEAEF19DD4" value="true"/>
</engineerTo>
<use>0</use>
<ownDataTypeParameters>,,</ownDataTypeParameters>
</Attribute>
<Attribute name="id_entregas" id="1A10F2D8-F0C1-D509-98B1-10CD030AB6ED">
<createdBy>labsfiap</createdBy>
<createdTime>2024-09-23 12:16:19 UTC</createdTime>
<generatorID>8547CC98-E4A7-17B0-F967-F93E6E749C00</generatorID>
<ownerDesignName>aula05desafio</ownerDesignName>
<engineerTo>
<item key="A089C93B-2320-BFDA-2B72-25DEAEF19DD4" value="true"/>
</engineerTo>
<referedAttribute>38A02670-6AF9-8DD9-837F-E10AACD480CE</referedAttribute>
<use>0</use>
<ownDataTypeParameters>,,</ownDataTypeParameters>
</Attribute>
<Attribute name="avalia_pedidos" id="AC565E97-A180-A3D7-D540-A7D5EE3744FB">
<createdBy>labsfiap</createdBy>
<createdTime>2024-09-23 12:39:09 UTC</createdTime>
<ownerDesignName>aula05desafio</ownerDesignName>
<engineerTo>
<item key="A089C93B-2320-BFDA-2B72-25DEAEF19DD4" value="true"/>
</engineerTo>
<use>0</use>
<ownDataTypeParameters>,,</ownDataTypeParameters>
</Attribute>
</attributes>
<identifiers itemClass="oracle.dbtools.crest.model.design.logical.CandidateKey">
<identifier id="E664A582-B586-BE9C-AB2A-E9BD4A36B05B" name="AVALIACOES PK">
<createdBy>labsfiap</createdBy>
<createdTime>2024-09-23 12:14:23 UTC</createdTime>
<ownerDesignName>aula05desafio</ownerDesignName>
<engineerTo>
<item key="A089C93B-2320-BFDA-2B72-25DEAEF19DD4" value="true"/>
</engineerTo>
<pk>true</pk>
<usedAttributes>
<attributeRef>69548011-076C-30D9-1104-B9B3E451EB69</attributeRef>
</usedAttributes>
</identifier>
</identifiers>
</Entity>