<?xml version = '1.0' encoding = 'UTF-8'?>
<Entity class="oracle.dbtools.crest.model.design.logical.Entity" directorySegmentName="seg_0" id="2567B826-A9E7-E382-DAC8-61BC5E7DB9B7" name="PRODUTOS">
<createdBy>labsfiap</createdBy>
<createdTime>2024-09-23 12:09:23 UTC</createdTime>
<ownerDesignName>aula05desafio</ownerDesignName>
<engineerTo>
<item key="A089C93B-2320-BFDA-2B72-25DEAEF19DD4" value="true"/>
</engineerTo>
<adequatelyNormalized>NO</adequatelyNormalized>
<expectedVolumes>0</expectedVolumes>
<fwdEngineeringStrategyName>Single Table</fwdEngineeringStrategyName>
<growthPercent>0</growthPercent>
<growthType>Year</growthType>
<maxVolumes>9999999</maxVolumes>
<minVolumes>0</minVolumes>
<normalForm>Third</normalForm>
<attributes itemClass="oracle.dbtools.crest.model.design.logical.Attribute">
<Attribute name="id_produtos" id="A592CA44-1436-038D-4BF2-2166B43E8EC5">
<createdBy>labsfiap</createdBy>
<createdTime>2024-09-23 12:09:39 UTC</createdTime>
<ownerDesignName>aula05desafio</ownerDesignName>
<engineerTo>
<item key="A089C93B-2320-BFDA-2B72-25DEAEF19DD4" value="true"/>
</engineerTo>
<use>0</use>
<ownDataTypeParameters>,,</ownDataTypeParameters>
</Attribute>
<Attribute name="tipos_produtos" id="BB843574-D991-7826-AA26-37D5DE172586">
<createdBy>labsfiap</createdBy>
<createdTime>2024-09-23 12:09:48 UTC</createdTime>
<ownerDesignName>aula05desafio</ownerDesignName>
<engineerTo>
<item key="A089C93B-2320-BFDA-2B72-25DEAEF19DD4" value="true"/>
</engineerTo>
<use>0</use>
<ownDataTypeParameters>,,</ownDataTypeParameters>
</Attribute>
<Attribute name="preco" id="E953C090-7E95-A9EF-E798-521285FAC41D">
<createdBy>labsfiap</createdBy>
<createdTime>2024-09-23 12:09:58 UTC</createdTime>
<ownerDesignName>aula05desafio</ownerDesignName>
<engineerTo>
<item key="A089C93B-2320-BFDA-2B72-25DEAEF19DD4" value="true"/>
</engineerTo>
<use>0</use>
<ownDataTypeParameters>,,</ownDataTypeParameters>
</Attribute>
<Attribute name="descricao" id="2D7AADA4-3F69-9F2F-C289-18C5F8FF3CB4">
<createdBy>labsfiap</createdBy>
<createdTime>2024-09-23 12:10:20 UTC</createdTime>
<ownerDesignName>aula05desafio</ownerDesignName>
<engineerTo>
<item key="A089C93B-2320-BFDA-2B72-25DEAEF19DD4" value="true"/>
</engineerTo>
<use>0</use>
<ownDataTypeParameters>,,</ownDataTypeParameters>
</Attribute>
<Attribute name="id_pedidos" id="1CEB79D4-2A74-2193-7F92-2725D84D11DD">
<createdBy>labsfiap</createdBy>
<createdTime>2024-09-23 12:16:07 UTC</createdTime>
<generatorID>74DC1856-3075-FCBF-B5CF-59A14A2081BE</generatorID>
<ownerDesignName>aula05desafio</ownerDesignName>
<engineerTo>
<item key="A089C93B-2320-BFDA-2B72-25DEAEF19DD4" value="true"/>
</engineerTo>
<referedAttribute>0E4F44B9-6AFE-151F-EDB0-D83D928B715C</referedAttribute>
<use>0</use>
<ownDataTypeParameters>,,</ownDataTypeParameters>
</Attribute>
<Attribute name="id_restaurantes_perceiros" id="EC91E651-7A0D-663F-6618-CA55E8808B92">
<createdBy>labsfiap</createdBy>
<createdTime>2024-09-23 12:16:42 UTC</createdTime>
<generatorID>FFDA5869-B1A2-7D85-EF47-12BC5D42574E</generatorID>
<ownerDesignName>aula05desafio</ownerDesignName>
<engineerTo>
<item key="A089C93B-2320-BFDA-2B72-25DEAEF19DD4" value="true"/>
</engineerTo>
<referedAttribute>85BA10B0-D119-D607-C21E-ECC2499D1D96</referedAttribute>
<use>0</use>
<ownDataTypeParameters>,,</ownDataTypeParameters>
</Attribute>
<Attribute name="itens_produtos" id="F3A068DB-16EB-63F8-C15C-DC68CBA0A2A9">
<createdBy>labsfiap</createdBy>
<createdTime>2024-09-23 12:47:03 UTC</createdTime>
<ownerDesignName>aula05desafio</ownerDesignName>
<engineerTo>
<item key="A089C93B-2320-BFDA-2B72-25DEAEF19DD4" value="true"/>
</engineerTo>
<use>0</use>
<ownDataTypeParameters>,,</ownDataTypeParameters>
</Attribute>
</attributes>
<identifiers itemClass="oracle.dbtools.crest.model.design.logical.CandidateKey">
<identifier id="C0DA80B6-6D6B-A0BB-344B-E3F8D4C6FF82" name="PRODUTOS PK">
<createdBy>labsfiap</createdBy>
<createdTime>2024-09-23 12:09:47 UTC</createdTime>
<ownerDesignName>aula05desafio</ownerDesignName>
<engineerTo>
<item key="A089C93B-2320-BFDA-2B72-25DEAEF19DD4" value="true"/>
</engineerTo>
<pk>true</pk>
<usedAttributes>
<attributeRef>A592CA44-1436-038D-4BF2-2166B43E8EC5</attributeRef>
</usedAttributes>
</identifier>
</identifiers>
</Entity>