<?xml version = '1.0' encoding = 'UTF-8'?>
<Entity class="oracle.dbtools.crest.model.design.logical.Entity" directorySegmentName="seg_0" id="337D2A62-C3CA-D981-84B9-9BCD62BAC92C" name="ENTREGADORES">
<createdBy>labsfiap</createdBy>
<createdTime>2024-09-23 12:02:04 UTC</createdTime>
<ownerDesignName>aula05desafio</ownerDesignName>
<engineerTo>
<item key="A089C93B-2320-BFDA-2B72-25DEAEF19DD4" value="true"/>
</engineerTo>
<adequatelyNormalized>NO</adequatelyNormalized>
<expectedVolumes>0</expectedVolumes>
<fwdEngineeringStrategyName>Single Table</fwdEngineeringStrategyName>
<growthPercent>0</growthPercent>
<growthType>Year</growthType>
<maxVolumes>9999999</maxVolumes>
<minVolumes>0</minVolumes>
<normalForm>Third</normalForm>
<attributes itemClass="oracle.dbtools.crest.model.design.logical.Attribute">
<Attribute name="id_entregador" id="DE203168-5737-A908-203F-8EDE3C71198E">
<createdBy>labsfiap</createdBy>
<createdTime>2024-09-23 12:02:39 UTC</createdTime>
<ownerDesignName>aula05desafio</ownerDesignName>
<engineerTo>
<item key="A089C93B-2320-BFDA-2B72-25DEAEF19DD4" value="true"/>
</engineerTo>
<use>0</use>
<ownDataTypeParameters>,,</ownDataTypeParameters>
</Attribute>
<Attribute name="nome" id="260717B1-C29C-60FB-8527-CEB1FFEBC992">
<createdBy>labsfiap</createdBy>
<createdTime>2024-09-23 12:02:51 UTC</createdTime>
<ownerDesignName>aula05desafio</ownerDesignName>
<engineerTo>
<item key="A089C93B-2320-BFDA-2B72-25DEAEF19DD4" value="true"/>
</engineerTo>
<use>0</use>
<ownDataTypeParameters>,,</ownDataTypeParameters>
</Attribute>
<Attribute name="cpf" id="DA6A80A9-1E78-0F10-6FAB-7F83F78BE854">
<createdBy>labsfiap</createdBy>
<createdTime>2024-09-23 12:03:01 UTC</createdTime>
<ownerDesignName>aula05desafio</ownerDesignName>
<engineerTo>
<item key="A089C93B-2320-BFDA-2B72-25DEAEF19DD4" value="true"/>
</engineerTo>
<use>0</use>
<ownDataTypeParameters>,,</ownDataTypeParameters>
</Attribute>
<Attribute name="data_nascimento" id="D79B25A9-46E2-B114-2D55-39DFEA5DA9E2">
<createdBy>labsfiap</createdBy>
<createdTime>2024-09-23 12:03:06 UTC</createdTime>
<ownerDesignName>aula05desafio</ownerDesignName>
<engineerTo>
<item key="A089C93B-2320-BFDA-2B72-25DEAEF19DD4" value="true"/>
</engineerTo>
<nullsAllowed>true</nullsAllowed>
<use>0</use>
<ownDataTypeParameters>,,</ownDataTypeParameters>
</Attribute>
<Attribute name="genero" id="128FFC31-BA71-B5D7-90C2-528B1EFD49D5">
<createdBy>labsfiap</createdBy>
<createdTime>2024-09-23 12:03:22 UTC</createdTime>
<ownerDesignName>aula05desafio</ownerDesignName>
<engineerTo>
<item key="A089C93B-2320-BFDA-2B72-25DEAEF19DD4" value="true"/>
</engineerTo>
<nullsAllowed>true</nullsAllowed>
<use>0</use>
<ownDataTypeParameters>,,</ownDataTypeParameters>
</Attribute>
<Attribute name="id_pedidos" id="791F5434-C6C1-C283-98FC-F10E03F38A1A">
<createdBy>labsfiap</createdBy>
<createdTime>2024-09-23 12:04:20 UTC</createdTime>
<generatorID>614E553B-FC87-A280-57A5-84A51D18E961</generatorID>
<ownerDesignName>aula05desafio</ownerDesignName>
<engineerTo>
<item key="A089C93B-2320-BFDA-2B72-25DEAEF19DD4" value="true"/>
</engineerTo>
<referedAttribute>864C4E1F-4FDC-F510-EE76-46168E571BC3</referedAttribute>
<use>0</use>
<ownDataTypeParameters>,,</ownDataTypeParameters>
</Attribute>
<Attribute name="id_restaurantes_perceiros" id="9DDABB4A-5566-460D-FBDF-DD36A5EB733D">
<createdBy>labsfiap</createdBy>
<createdTime>2024-09-23 12:52:37 UTC</createdTime>
<generatorID>93A681D1-19CA-849D-676F-DCB4505A23F0</generatorID>
<ownerDesignName>aula05desafio</ownerDesignName>
<engineerTo>
<item key="A089C93B-2320-BFDA-2B72-25DEAEF19DD4" value="true"/>
</engineerTo>
<referedAttribute>85BA10B0-D119-D607-C21E-ECC2499D1D96</referedAttribute>
<use>0</use>
<ownDataTypeParameters>,,</ownDataTypeParameters>
</Attribute>
</attributes>
<identifiers itemClass="oracle.dbtools.crest.model.design.logical.CandidateKey">
<identifier id="2EC809A9-8F29-551D-8FA7-EC03C09F235C" name="ENTREGADORES PK">
<createdBy>labsfiap</createdBy>
<createdTime>2024-09-23 12:02:50 UTC</createdTime>
<ownerDesignName>aula05desafio</ownerDesignName>
<engineerTo>
<item key="A089C93B-2320-BFDA-2B72-25DEAEF19DD4" value="true"/>
</engineerTo>
<pk>true</pk>
<usedAttributes>
<attributeRef>DE203168-5737-A908-203F-8EDE3C71198E</attributeRef>
</usedAttributes>
</identifier>
</identifiers>
</Entity>