<?xml version = '1.0' encoding = 'UTF-8'?>
<Entity class="oracle.dbtools.crest.model.design.logical.Entity" directorySegmentName="seg_0" id="39E48FFB-4199-A6B3-8A0A-784BB832ED57" name="ENDERECO">
<createdBy>labsfiap</createdBy>
<createdTime>2024-09-23 12:43:13 UTC</createdTime>
<ownerDesignName>aula05desafio</ownerDesignName>
<engineerTo>
<item key="A089C93B-2320-BFDA-2B72-25DEAEF19DD4" value="true"/>
</engineerTo>
<adequatelyNormalized>NO</adequatelyNormalized>
<expectedVolumes>0</expectedVolumes>
<fwdEngineeringStrategyName>Single Table</fwdEngineeringStrategyName>
<growthPercent>0</growthPercent>
<growthType>Year</growthType>
<maxVolumes>9999999</maxVolumes>
<minVolumes>0</minVolumes>
<normalForm>Third</normalForm>
<attributes itemClass="oracle.dbtools.crest.model.design.logical.Attribute">
<Attribute name="id_entregas" id="1E05430E-0B57-D92C-B40A-B6BF8BAFB6C6">
<createdBy>labsfiap</createdBy>
<createdTime>2024-09-23 12:49:26 UTC</createdTime>
<generatorID>C7DBD05F-8659-F1EA-481A-18C86320CB6E</generatorID>
<ownerDesignName>aula05desafio</ownerDesignName>
<engineerTo>
<item key="A089C93B-2320-BFDA-2B72-25DEAEF19DD4" value="true"/>
</engineerTo>
<referedAttribute>38A02670-6AF9-8DD9-837F-E10AACD480CE</referedAttribute>
<use>0</use>
<ownDataTypeParameters>,,</ownDataTypeParameters>
</Attribute>
<Attribute name="id_cliente" id="58F21F32-1D51-9480-B616-B5659E75524E">
<createdBy>labsfiap</createdBy>
<createdTime>2024-09-23 12:49:41 UTC</createdTime>
<generatorID>2216F1B0-1832-C06A-DC8E-38FEB0B869FB</generatorID>
<ownerDesignName>aula05desafio</ownerDesignName>
<engineerTo>
<item key="A089C93B-2320-BFDA-2B72-25DEAEF19DD4" value="true"/>
</engineerTo>
<referedAttribute>09A6227D-B328-76AB-9832-A91A2E62CF3C</referedAttribute>
<use>0</use>
<ownDataTypeParameters>,,</ownDataTypeParameters>
</Attribute>
<Attribute name="id_restaurantes_perceiros" id="934624EC-0213-C918-B8FE-AA3764C137D8">
<createdBy>labsfiap</createdBy>
<createdTime>2024-09-23 12:49:51 UTC</createdTime>
<generatorID>11D9530E-042C-57AF-29EC-D014F9C55FA4</generatorID>
<ownerDesignName>aula05desafio</ownerDesignName>
<engineerTo>
<item key="A089C93B-2320-BFDA-2B72-25DEAEF19DD4" value="true"/>
</engineerTo>
<referedAttribute>85BA10B0-D119-D607-C21E-ECC2499D1D96</referedAttribute>
<use>0</use>
<ownDataTypeParameters>,,</ownDataTypeParameters>
</Attribute>
</attributes>
</Entity>