<?xml version = '1.0' encoding = 'UTF-8'?>
<Entity class="oracle.dbtools.crest.model.design.logical.Entity" directorySegmentName="seg_0" id="59AC219E-4202-C6FB-A18B-F5157FD10DB1" name="PEDIDOS">
<createdBy>labsfiap</createdBy>
<createdTime>2024-09-23 11:46:07 UTC</createdTime>
<ownerDesignName>aula05desafio</ownerDesignName>
<engineerTo>
<item key="A089C93B-2320-BFDA-2B72-25DEAEF19DD4" value="true"/>
</engineerTo>
<adequatelyNormalized>NO</adequatelyNormalized>
<expectedVolumes>0</expectedVolumes>
<fwdEngineeringStrategyName>Single Table</fwdEngineeringStrategyName>
<growthPercent>0</growthPercent>
<growthType>Year</growthType>
<maxVolumes>9999999</maxVolumes>
<minVolumes>0</minVolumes>
<normalForm>Third</normalForm>
<attributes itemClass="oracle.dbtools.crest.model.design.logical.Attribute">
<Attribute name="id_pedidos" id="864C4E1F-4FDC-F510-EE76-46168E571BC3">
<createdBy>labsfiap</createdBy>
<createdTime>2024-09-23 11:54:50 UTC</createdTime>
<ownerDesignName>aula05desafio</ownerDesignName>
<engineerTo>
<item key="A089C93B-2320-BFDA-2B72-25DEAEF19DD4" value="true"/>
</engineerTo>
<use>0</use>
<ownDataTypeParameters>,,</ownDataTypeParameters>
</Attribute>
<Attribute name="tipo_pedidos" id="AD23ACD3-4A1F-D2A2-E79A-4A9F41D64EB0">
<createdBy>labsfiap</createdBy>
<createdTime>2024-09-23 11:54:55 UTC</createdTime>
<ownerDesignName>aula05desafio</ownerDesignName>
<engineerTo>
<item key="A089C93B-2320-BFDA-2B72-25DEAEF19DD4" value="true"/>
</engineerTo>
<use>0</use>
<ownDataTypeParameters>,,</ownDataTypeParameters>
</Attribute>
<Attribute name="status_pedidos" id="60C4B160-A6ED-F940-D123-671F1418DD29">
<createdBy>labsfiap</createdBy>
<createdTime>2024-09-23 11:55:14 UTC</createdTime>
<ownerDesignName>aula05desafio</ownerDesignName>
<engineerTo>
<item key="A089C93B-2320-BFDA-2B72-25DEAEF19DD4" value="true"/>
</engineerTo>
<use>0</use>
<ownDataTypeParameters>,,</ownDataTypeParameters>
</Attribute>
<Attribute name="itens_pedidos" id="6E3EEEE3-B4FD-23DA-6766-91F051812BC7">
<createdBy>labsfiap</createdBy>
<createdTime>2024-09-23 11:55:24 UTC</createdTime>
<ownerDesignName>aula05desafio</ownerDesignName>
<engineerTo>
<item key="A089C93B-2320-BFDA-2B72-25DEAEF19DD4" value="true"/>
</engineerTo>
<use>0</use>
<ownDataTypeParameters>,,</ownDataTypeParameters>
</Attribute>
<Attribute name="id_cliente" id="5C59530F-0080-5351-BEB7-1D964DD58EA4">
<createdBy>labsfiap</createdBy>
<createdTime>2024-09-23 11:59:29 UTC</createdTime>
<generatorID>4A8C4F1C-B136-C144-C091-F0B6FCE0FFF3</generatorID>
<ownerDesignName>aula05desafio</ownerDesignName>
<engineerTo>
<item key="A089C93B-2320-BFDA-2B72-25DEAEF19DD4" value="true"/>
</engineerTo>
<referedAttribute>09A6227D-B328-76AB-9832-A91A2E62CF3C</referedAttribute>
<use>0</use>
<ownDataTypeParameters>,,</ownDataTypeParameters>
</Attribute>
<Attribute name="id_restaurantes_perceiros" id="B26D6027-1C4B-7D7C-8D12-C81A7E652824">
<createdBy>labsfiap</createdBy>
<createdTime>2024-09-23 12:44:46 UTC</createdTime>
<generatorID>0725DBCF-536F-B790-EAC3-AA6054733036</generatorID>
<ownerDesignName>aula05desafio</ownerDesignName>
<engineerTo>
<item key="A089C93B-2320-BFDA-2B72-25DEAEF19DD4" value="true"/>
</engineerTo>
<referedAttribute>85BA10B0-D119-D607-C21E-ECC2499D1D96</referedAttribute>
<use>0</use>
<ownDataTypeParameters>,,</ownDataTypeParameters>
</Attribute>
</attributes>
<identifiers itemClass="oracle.dbtools.crest.model.design.logical.CandidateKey">
<identifier id="39EB6420-A5BF-5D4E-7A76-CB308F54DC56" name="PEDIDOS PK">
<createdBy>labsfiap</createdBy>
<createdTime>2024-09-23 11:54:55 UTC</createdTime>
<ownerDesignName>aula05desafio</ownerDesignName>
<engineerTo>
<item key="A089C93B-2320-BFDA-2B72-25DEAEF19DD4" value="true"/>
</engineerTo>
<pk>true</pk>
<usedAttributes>
<attributeRef>864C4E1F-4FDC-F510-EE76-46168E571BC3</attributeRef>
</usedAttributes>
</identifier>
</identifiers>
</Entity>