<?xml version = '1.0' encoding = 'UTF-8'?>
<Entity class="oracle.dbtools.crest.model.design.logical.Entity" directorySegmentName="seg_0" id="881D6DD4-E558-E819-F90D-D15DD4ECD330" name="ENTREGAS">
<createdBy>labsfiap</createdBy>
<createdTime>2024-09-23 11:46:21 UTC</createdTime>
<ownerDesignName>aula05desafio</ownerDesignName>
<engineerTo>
<item key="A089C93B-2320-BFDA-2B72-25DEAEF19DD4" value="true"/>
</engineerTo>
<adequatelyNormalized>NO</adequatelyNormalized>
<expectedVolumes>0</expectedVolumes>
<fwdEngineeringStrategyName>Single Table</fwdEngineeringStrategyName>
<growthPercent>0</growthPercent>
<growthType>Year</growthType>
<maxVolumes>9999999</maxVolumes>
<minVolumes>0</minVolumes>
<normalForm>Third</normalForm>
<attributes itemClass="oracle.dbtools.crest.model.design.logical.Attribute">
<Attribute name="id_entregador" id="4EB8B960-93E2-7A69-5C37-1993C1A5C3C5">
<createdBy>labsfiap</createdBy>
<createdTime>2024-09-23 12:04:27 UTC</createdTime>
<generatorID>302A4A5C-2D9A-58ED-0209-B7F52053852C</generatorID>
<ownerDesignName>aula05desafio</ownerDesignName>
<engineerTo>
<item key="A089C93B-2320-BFDA-2B72-25DEAEF19DD4" value="true"/>
</engineerTo>
<referedAttribute>DE203168-5737-A908-203F-8EDE3C71198E</referedAttribute>
<use>0</use>
<ownDataTypeParameters>,,</ownDataTypeParameters>
</Attribute>
<Attribute name="id_entregas" id="38A02670-6AF9-8DD9-837F-E10AACD480CE">
<createdBy>labsfiap</createdBy>
<createdTime>2024-09-23 12:13:04 UTC</createdTime>
<ownerDesignName>aula05desafio</ownerDesignName>
<engineerTo>
<item key="A089C93B-2320-BFDA-2B72-25DEAEF19DD4" value="true"/>
</engineerTo>
<use>0</use>
<ownDataTypeParameters>,,</ownDataTypeParameters>
</Attribute>
<Attribute name="tempo_entrega1" id="0AD38C93-44CE-E47E-027D-1D7E9DDB76EA">
<createdBy>labsfiap</createdBy>
<createdTime>2024-09-23 12:13:29 UTC</createdTime>
<ownerDesignName>aula05desafio</ownerDesignName>
<engineerTo>
<item key="A089C93B-2320-BFDA-2B72-25DEAEF19DD4" value="true"/>
</engineerTo>
<use>0</use>
<ownDataTypeParameters>,,</ownDataTypeParameters>
</Attribute>
<Attribute name="lozalizacao" id="A2DB435B-9F05-7989-E457-678BA8F5D9DC">
<createdBy>labsfiap</createdBy>
<createdTime>2024-09-23 12:13:38 UTC</createdTime>
<ownerDesignName>aula05desafio</ownerDesignName>
<engineerTo>
<item key="A089C93B-2320-BFDA-2B72-25DEAEF19DD4" value="true"/>
</engineerTo>
<use>0</use>
<ownDataTypeParameters>,,</ownDataTypeParameters>
</Attribute>
<Attribute name="status_entrega" id="A9793D8F-3482-2836-6333-A4C61068315A">
<createdBy>labsfiap</createdBy>
<createdTime>2024-09-23 12:13:47 UTC</createdTime>
<ownerDesignName>aula05desafio</ownerDesignName>
<engineerTo>
<item key="A089C93B-2320-BFDA-2B72-25DEAEF19DD4" value="true"/>
</engineerTo>
<use>0</use>
<ownDataTypeParameters>,,</ownDataTypeParameters>
</Attribute>
</attributes>
<identifiers itemClass="oracle.dbtools.crest.model.design.logical.CandidateKey">
<identifier id="74B42236-FD0D-B061-6857-D747AB5FFBC5" name="ENTREGAS PK">
<createdBy>labsfiap</createdBy>
<createdTime>2024-09-23 12:11:57 UTC</createdTime>
<ownerDesignName>aula05desafio</ownerDesignName>
<engineerTo>
<item key="A089C93B-2320-BFDA-2B72-25DEAEF19DD4" value="true"/>
</engineerTo>
<pk>true</pk>
<usedAttributes>
<attributeRef>38A02670-6AF9-8DD9-837F-E10AACD480CE</attributeRef>
</usedAttributes>
</identifier>
</identifiers>
</Entity>