<?xml version = '1.0' encoding = 'UTF-8'?>
<Entity class="oracle.dbtools.crest.model.design.logical.Entity" directorySegmentName="seg_0" id="ACA69ED6-C8F0-BD84-10C5-C2C0C7506696" name="PAGAMENTOS">
<createdBy>labsfiap</createdBy>
<createdTime>2024-09-23 11:47:47 UTC</createdTime>
<ownerDesignName>aula05desafio</ownerDesignName>
<engineerTo>
<item key="A089C93B-2320-BFDA-2B72-25DEAEF19DD4" value="true"/>
</engineerTo>
<adequatelyNormalized>NO</adequatelyNormalized>
<expectedVolumes>0</expectedVolumes>
<fwdEngineeringStrategyName>Single Table</fwdEngineeringStrategyName>
<growthPercent>0</growthPercent>
<growthType>Year</growthType>
<maxVolumes>9999999</maxVolumes>
<minVolumes>0</minVolumes>
<normalForm>Third</normalForm>
<attributes itemClass="oracle.dbtools.crest.model.design.logical.Attribute">
<Attribute name="id_pedidos" id="0E4F44B9-6AFE-151F-EDB0-D83D928B715C">
<createdBy>labsfiap</createdBy>
<createdTime>2024-09-23 12:05:44 UTC</createdTime>
<generatorID>C1112B2A-FE78-99A9-B75B-46CDA248418A</generatorID>
<ownerDesignName>aula05desafio</ownerDesignName>
<engineerTo>
<item key="A089C93B-2320-BFDA-2B72-25DEAEF19DD4" value="true"/>
</engineerTo>
<referedAttribute>864C4E1F-4FDC-F510-EE76-46168E571BC3</referedAttribute>
<use>0</use>
<ownDataTypeParameters>,,</ownDataTypeParameters>
</Attribute>
<Attribute name="tipo_pagamento" id="928F14F5-DB26-B2CE-30A0-D92CF3D07AE9">
<createdBy>labsfiap</createdBy>
<createdTime>2024-09-23 12:06:20 UTC</createdTime>
<ownerDesignName>aula05desafio</ownerDesignName>
<engineerTo>
<item key="A089C93B-2320-BFDA-2B72-25DEAEF19DD4" value="true"/>
</engineerTo>
<use>0</use>
<ownDataTypeParameters>,,</ownDataTypeParameters>
</Attribute>
<Attribute name="dados_pagamento" id="666378E5-2D1B-CBBC-773C-2150B7711F56">
<createdBy>labsfiap</createdBy>
<createdTime>2024-09-23 12:06:31 UTC</createdTime>
<ownerDesignName>aula05desafio</ownerDesignName>
<engineerTo>
<item key="A089C93B-2320-BFDA-2B72-25DEAEF19DD4" value="true"/>
</engineerTo>
<use>0</use>
<ownDataTypeParameters>,,</ownDataTypeParameters>
</Attribute>
<Attribute name="dados_cliente" id="F91BFAD0-D2EF-50B4-9A2A-A0CF355B1CAD">
<createdBy>labsfiap</createdBy>
<createdTime>2024-09-23 12:06:39 UTC</createdTime>
<ownerDesignName>aula05desafio</ownerDesignName>
<engineerTo>
<item key="A089C93B-2320-BFDA-2B72-25DEAEF19DD4" value="true"/>
</engineerTo>
<use>0</use>
<ownDataTypeParameters>,,</ownDataTypeParameters>
</Attribute>
<Attribute name="valor_pagamento" id="FDC8B52F-D4D8-724F-EA68-BB4CEB9E6BBE">
<createdBy>labsfiap</createdBy>
<createdTime>2024-09-23 12:07:02 UTC</createdTime>
<ownerDesignName>aula05desafio</ownerDesignName>
<engineerTo>
<item key="A089C93B-2320-BFDA-2B72-25DEAEF19DD4" value="true"/>
</engineerTo>
<use>0</use>
<ownDataTypeParameters>,,</ownDataTypeParameters>
</Attribute>
</attributes>
<identifiers itemClass="oracle.dbtools.crest.model.design.logical.CandidateKey">
<identifier id="993D5163-526D-0298-4C47-54F49DFFD580" name="PAGAMENTOS PK">
<createdBy>labsfiap</createdBy>
<createdTime>2024-09-23 12:06:19 UTC</createdTime>
<ownerDesignName>aula05desafio</ownerDesignName>
<engineerTo>
<item key="A089C93B-2320-BFDA-2B72-25DEAEF19DD4" value="true"/>
</engineerTo>
<pk>true</pk>
<usedAttributes>
<attributeRef>0E4F44B9-6AFE-151F-EDB0-D83D928B715C</attributeRef>
</usedAttributes>
</identifier>
</identifiers>
</Entity>