<?xml version = '1.0' encoding = 'UTF-8'?>
<Entity class="oracle.dbtools.crest.model.design.logical.Entity" directorySegmentName="seg_0" id="D527B7CC-BF8F-1353-AF08-DCA19FEBCE85" name="RESTAURANTES_PARCEIROS">
<createdBy>labsfiap</createdBy>
<createdTime>2024-09-23 11:46:38 UTC</createdTime>
<ownerDesignName>aula05desafio</ownerDesignName>
<engineerTo>
<item key="A089C93B-2320-BFDA-2B72-25DEAEF19DD4" value="true"/>
</engineerTo>
<adequatelyNormalized>NO</adequatelyNormalized>
<expectedVolumes>0</expectedVolumes>
<fwdEngineeringStrategyName>Single Table</fwdEngineeringStrategyName>
<growthPercent>0</growthPercent>
<growthType>Year</growthType>
<maxVolumes>9999999</maxVolumes>
<minVolumes>0</minVolumes>
<normalForm>Third</normalForm>
<attributes itemClass="oracle.dbtools.crest.model.design.logical.Attribute">
<Attribute name="id_restaurantes_perceiros" id="85BA10B0-D119-D607-C21E-ECC2499D1D96">
<createdBy>labsfiap</createdBy>
<createdTime>2024-09-23 11:49:46 UTC</createdTime>
<ownerDesignName>aula05desafio</ownerDesignName>
<engineerTo>
<item key="A089C93B-2320-BFDA-2B72-25DEAEF19DD4" value="true"/>
</engineerTo>
<use>0</use>
<ownDataTypeParameters>,,</ownDataTypeParameters>
</Attribute>
<Attribute name="pedidos" id="54BAA6E8-7DAB-D671-F0D4-46EEFD28EA2E">
<createdBy>labsfiap</createdBy>
<createdTime>2024-09-23 11:50:02 UTC</createdTime>
<ownerDesignName>aula05desafio</ownerDesignName>
<engineerTo>
<item key="A089C93B-2320-BFDA-2B72-25DEAEF19DD4" value="true"/>
</engineerTo>
<use>0</use>
<ownDataTypeParameters>,,</ownDataTypeParameters>
</Attribute>
<Attribute name="status_pedidos" id="F0CAB224-FE01-3400-1DAA-900B88760895">
<createdBy>labsfiap</createdBy>
<createdTime>2024-09-23 11:50:41 UTC</createdTime>
<ownerDesignName>aula05desafio</ownerDesignName>
<engineerTo>
<item key="A089C93B-2320-BFDA-2B72-25DEAEF19DD4" value="true"/>
</engineerTo>
<use>0</use>
<ownDataTypeParameters>,,</ownDataTypeParameters>
</Attribute>
<Attribute name="tipos_pratos" id="CFF484DA-907A-1CBA-9AB0-5BC7DFAE0FE3">
<createdBy>labsfiap</createdBy>
<createdTime>2024-09-23 11:50:49 UTC</createdTime>
<ownerDesignName>aula05desafio</ownerDesignName>
<engineerTo>
<item key="A089C93B-2320-BFDA-2B72-25DEAEF19DD4" value="true"/>
</engineerTo>
<use>0</use>
<ownDataTypeParameters>,,</ownDataTypeParameters>
</Attribute>
<Attribute name="tipos_produtos" id="2B643D85-4437-F78A-DC8B-E91D24A99F11">
<createdBy>labsfiap</createdBy>
<createdTime>2024-09-23 11:57:42 UTC</createdTime>
<ownerDesignName>aula05desafio</ownerDesignName>
<engineerTo>
<item key="A089C93B-2320-BFDA-2B72-25DEAEF19DD4" value="true"/>
</engineerTo>
<use>0</use>
<ownDataTypeParameters>,,</ownDataTypeParameters>
</Attribute>
</attributes>
<identifiers itemClass="oracle.dbtools.crest.model.design.logical.CandidateKey">
<identifier id="DA1780AD-2549-AFBE-4F0D-B7DCFFC2D9C6" name="RESTAURANTES_PARCEIROS PK">
<createdBy>labsfiap</createdBy>
<createdTime>2024-09-23 11:50:01 UTC</createdTime>
<ownerDesignName>aula05desafio</ownerDesignName>
<engineerTo>
<item key="A089C93B-2320-BFDA-2B72-25DEAEF19DD4" value="true"/>
</engineerTo>
<pk>true</pk>
<usedAttributes>
<attributeRef>85BA10B0-D119-D607-C21E-ECC2499D1D96</attributeRef>
</usedAttributes>
</identifier>
</identifiers>
</Entity>