<?xml version = '1.0' encoding = 'UTF-8'?>
<relationalModel class="oracle.dbtools.crest.model.design.relational.RelationalDesign" name="Relational_1" id="209F1FC2-CBE4-EC9E-64EB-038B99E74511" mainViewID="F5773F54-1E73-2B8E-8B08-93E366260ED9">
<createdBy>labsfiap</createdBy>
<createdTime>2024-10-21 11:12:41 UTC</createdTime>
<ownerDesignName>CP02 Logical</ownerDesignName>
<shouldBeOpen>false</shouldBeOpen>
<selectedRDBMSSite>32076570-2523-435C-2E92-BF29817DFF70</selectedRDBMSSite>
</relationalModel>