<?xml version = '1.0' encoding = 'UTF-8'?>
<Table class="oracle.dbtools.crest.model.design.relational.Table" directorySegmentName="seg_0" id="5134F245-2E6B-ED26-3A1E-567E8F29F1BA" name="T_CTSP_HORARIOS">
<createdBy>labsfiap</createdBy>
<createdTime>2024-10-21 11:55:00 UTC</createdTime>
<generatorID>FEC4FE0C-A4A9-9C9F-0C12-B06A3D20C8D9</generatorID>
<ownerDesignName>CP02 Relacional</ownerDesignName>
<allowColumnReorder>false</allowColumnReorder>
<existDependencyGenerateInDDl>true</existDependencyGenerateInDDl>
<parsed>true</parsed>
<columns itemClass="oracle.dbtools.crest.model.design.relational.Column">
<Column name="id_horario" id="48E75487-97D7-9AFA-4B10-7BBB8BD2D4F3">
<createdBy>labsfiap</createdBy>
<createdTime>2024-10-21 11:55:00 UTC</createdTime>
<generatorID>52C31F49-08C2-DFD8-C907-70C93BFF9941</generatorID>
<ownerDesignName>CP02 Relacional</ownerDesignName>
<useDomainConstraints>false</useDomainConstraints>
<use>1</use>
<logicalDatatype>LOGDT011</logicalDatatype>
<ownDataTypeParameters>,,</ownDataTypeParameters>
<autoIncrementCycle>false</autoIncrementCycle>
</Column>
<Column name="hr_partida" id="04838469-EBEF-7D85-5894-C51CD40BB8FF">
<createdBy>labsfiap</createdBy>
<createdTime>2024-10-21 11:55:00 UTC</createdTime>
<generatorID>706A934A-9EB0-DB6D-AB6D-7386BFFF270A</generatorID>
<ownerDesignName>CP02 Relacional</ownerDesignName>
<useDomainConstraints>false</useDomainConstraints>
<use>1</use>
<logicalDatatype>LOGDT014</logicalDatatype>
<ownDataTypeParameters>,,</ownDataTypeParameters>
<autoIncrementCycle>false</autoIncrementCycle>
</Column>
<Column name="hr_chegada" id="4121C506-4A51-940A-EFE3-E339149127DE">
<createdBy>labsfiap</createdBy>
<createdTime>2024-10-21 11:55:00 UTC</createdTime>
<generatorID>76701725-8282-8836-407B-E783A0326311</generatorID>
<ownerDesignName>CP02 Relacional</ownerDesignName>
<useDomainConstraints>false</useDomainConstraints>
<use>1</use>
<logicalDatatype>LOGDT014</logicalDatatype>
<ownDataTypeParameters>,,</ownDataTypeParameters>
<autoIncrementCycle>false</autoIncrementCycle>
</Column>
<Column name="st_horario" id="1D1C43CD-C3C6-4858-06AA-D32F18E945DE">
<createdBy>labsfiap</createdBy>
<createdTime>2024-10-21 11:55:00 UTC</createdTime>
<generatorID>BCB28666-FF12-982C-E0D5-6BC2B9704355</generatorID>
<ownerDesignName>CP02 Relacional</ownerDesignName>
<nullsAllowed>true</nullsAllowed>
<useDomainConstraints>false</useDomainConstraints>
<use>1</use>
<logicalDatatype>LOGDT024</logicalDatatype>
<dataTypeSize>60</dataTypeSize>
<ownDataTypeParameters>60,,</ownDataTypeParameters>
<autoIncrementCycle>false</autoIncrementCycle>
</Column>
<Column name="T_CTSP_LINHA_id_linha" id="02BB943F-0158-8DDC-37A7-1A01426219E2">
<createdBy>labsfiap</createdBy>
<createdTime>2024-10-21 11:55:00 UTC</createdTime>
<generatorID>4510B8BD-9E31-E364-D4F6-EEBD4FF650BA</generatorID>
<ownerDesignName>CP02 Relacional</ownerDesignName>
<useDomainConstraints>false</useDomainConstraints>
<use>1</use>
<logicalDatatype>LOGDT011</logicalDatatype>
<ownDataTypeParameters>,,</ownDataTypeParameters>
<previousColumn>false</previousColumn>
<autoIncrementCycle>false</autoIncrementCycle>
<associations>
<colAssociation fkAssociation="5C1B2EC4-4628-0C68-20D9-7ADD2C1EFF42" referredColumn="8DF64D52-7D80-7E2C-54B1-D022153B1A02"/>
</associations>
</Column>
<Column name="T_CTSP_TREM_id_trem" id="CD4E7E2A-09DA-CA70-D74A-1A9C11FF5A41">
<createdBy>labsfiap</createdBy>
<createdTime>2024-10-21 11:55:00 UTC</createdTime>
<generatorID>7E7B1C94-298A-8686-6790-DE02410F393F</generatorID>
<ownerDesignName>CP02 Relacional</ownerDesignName>
<useDomainConstraints>false</useDomainConstraints>
<use>1</use>
<logicalDatatype>LOGDT011</logicalDatatype>
<ownDataTypeParameters>,,</ownDataTypeParameters>
<previousColumn>false</previousColumn>
<autoIncrementCycle>false</autoIncrementCycle>
<associations>
<colAssociation fkAssociation="8F8DF09C-79A0-83FF-789F-6EEF40A81224" referredColumn="80D2BF50-FC02-F19D-F7E5-A63533A1FFB5"/>
</associations>
</Column>
<Column name="T_CTSP_TREM_T_CTSP_LINHA_id_linha" id="342E0F18-854F-3846-6A7C-ADEF04F0F2CE">
<createdBy>labsfiap</createdBy>
<createdTime>2024-10-21 11:55:00 UTC</createdTime>
<generatorID>AFFE53E1-F8FD-113E-2BAF-C9DEB3F0F099</generatorID>
<ownerDesignName>CP02 Relacional</ownerDesignName>
<useDomainConstraints>false</useDomainConstraints>
<use>1</use>
<logicalDatatype>LOGDT011</logicalDatatype>
<ownDataTypeParameters>,,</ownDataTypeParameters>
<previousColumn>false</previousColumn>
<autoIncrementCycle>false</autoIncrementCycle>
<associations>
<colAssociation fkAssociation="8F8DF09C-79A0-83FF-789F-6EEF40A81224" referredColumn="68167A2D-A2E3-781B-C0D6-BC4272EDC003"/>
</associations>
</Column>
</columns>
<indexes itemClass="oracle.dbtools.crest.model.design.relational.Index">
<ind_PK_UK id="A72912BA-F53A-100F-40CD-2ED4B1F283FC" name="T_CTSP_HORARIOS_PK">
<createdBy>labsfiap</createdBy>
<createdTime>2024-10-21 11:55:00 UTC</createdTime>
<generatorID>6DAD7FA1-75F4-DD60-458C-F8CED20EC1CC</generatorID>
<ownerDesignName>CP02 Relacional</ownerDesignName>
<pk>true</pk>
<indexState>Primary Constraint</indexState>
<isSurrogateKey>false</isSurrogateKey>
<indexColumnUsage>
<colUsage columnID="48E75487-97D7-9AFA-4B10-7BBB8BD2D4F3"/>
<colUsage columnID="02BB943F-0158-8DDC-37A7-1A01426219E2"/>
<colUsage columnID="CD4E7E2A-09DA-CA70-D74A-1A9C11FF5A41"/>
<colUsage columnID="342E0F18-854F-3846-6A7C-ADEF04F0F2CE"/>
</indexColumnUsage>
</ind_PK_UK>
<ind_PK_UK id="74E31498-EB42-16CE-6DA6-A9D6D596AC5C" name="T_CTSP_HORARIOS_T_CTSP_LINHA_FK">
<createdBy>labsfiap</createdBy>
<createdTime>2024-10-21 11:55:00 UTC</createdTime>
<generatorID>2E257E84-AD55-210C-CAB6-B8F4D80D112D</generatorID>
<ownerDesignName>CP02 Relacional</ownerDesignName>
<indexState>Foreign Key</indexState>
<isSurrogateKey>false</isSurrogateKey>
<indexColumnUsage>
<colUsage columnID="02BB943F-0158-8DDC-37A7-1A01426219E2"/>
</indexColumnUsage>
</ind_PK_UK>
<ind_PK_UK id="4BBEF6B6-1405-A8FB-0CE9-63DAF1399CA5" name="T_CTSP_HORARIOS_T_CTSP_TREM_FK">
<createdBy>labsfiap</createdBy>
<createdTime>2024-10-21 11:55:00 UTC</createdTime>
<generatorID>9DAE72A8-0BD8-6230-971D-A929D8F1388D</generatorID>
<ownerDesignName>CP02 Relacional</ownerDesignName>
<indexState>Foreign Key</indexState>
<isSurrogateKey>false</isSurrogateKey>
<indexColumnUsage>
<colUsage columnID="CD4E7E2A-09DA-CA70-D74A-1A9C11FF5A41"/>
<colUsage columnID="342E0F18-854F-3846-6A7C-ADEF04F0F2CE"/>
</indexColumnUsage>
</ind_PK_UK>
</indexes>
</Table>