<?xml version = '1.0' encoding = 'UTF-8'?>
<Table class="oracle.dbtools.crest.model.design.relational.Table" directorySegmentName="seg_0" id="5624C1A2-B214-9FC3-3908-F0C950E2CFCB" name="T_CTSP_INFRAESTRUTURA">
<createdBy>labsfiap</createdBy>
<createdTime>2024-10-21 11:55:00 UTC</createdTime>
<generatorID>AE0636AF-CEB0-AEE7-95A4-D80D6A6A078F</generatorID>
<ownerDesignName>CP02 Relacional</ownerDesignName>
<allowColumnReorder>false</allowColumnReorder>
<existDependencyGenerateInDDl>true</existDependencyGenerateInDDl>
<parsed>true</parsed>
<columns itemClass="oracle.dbtools.crest.model.design.relational.Column">
<Column name="id_infraestrutura" id="5546C8CC-AD2C-4034-270A-3A7B1091FE6A">
<createdBy>labsfiap</createdBy>
<createdTime>2024-10-21 11:55:00 UTC</createdTime>
<generatorID>205F4C91-FAC5-50D2-54E6-15DD51654440</generatorID>
<ownerDesignName>CP02 Relacional</ownerDesignName>
<useDomainConstraints>false</useDomainConstraints>
<use>1</use>
<logicalDatatype>LOGDT011</logicalDatatype>
<ownDataTypeParameters>,,</ownDataTypeParameters>
<autoIncrementCycle>false</autoIncrementCycle>
</Column>
<Column name="tp_infraestrutura" id="CC44B445-E3EE-0ED3-A6AB-6D0DA4754CF2">
<createdBy>labsfiap</createdBy>
<createdTime>2024-10-21 11:55:00 UTC</createdTime>
<generatorID>07948D09-743F-9BF9-E3CF-9EE5612824CD</generatorID>
<ownerDesignName>CP02 Relacional</ownerDesignName>
<useDomainConstraints>false</useDomainConstraints>
<use>1</use>
<logicalDatatype>LOGDT024</logicalDatatype>
<dataTypeSize>80</dataTypeSize>
<ownDataTypeParameters>80,,</ownDataTypeParameters>
<autoIncrementCycle>false</autoIncrementCycle>
</Column>
<Column name="ds_infraestrutura" id="3F751425-7A8A-C0B4-887D-D287C70A840E">
<createdBy>labsfiap</createdBy>
<createdTime>2024-10-21 11:55:00 UTC</createdTime>
<generatorID>C310BFB3-7785-DFD6-883C-504DAD0AE4F0</generatorID>
<ownerDesignName>CP02 Relacional</ownerDesignName>
<nullsAllowed>true</nullsAllowed>
<useDomainConstraints>false</useDomainConstraints>
<use>1</use>
<logicalDatatype>LOGDT040</logicalDatatype>
<ownDataTypeParameters>,,</ownDataTypeParameters>
<autoIncrementCycle>false</autoIncrementCycle>
</Column>
<Column name="localizacao" id="E02A2B20-A1B9-84B6-D318-12188487A45E">
<createdBy>labsfiap</createdBy>
<createdTime>2024-10-21 11:55:00 UTC</createdTime>
<generatorID>DDFB7A57-D696-7C93-636C-7A01032D1EE4</generatorID>
<ownerDesignName>CP02 Relacional</ownerDesignName>
<nullsAllowed>true</nullsAllowed>
<useDomainConstraints>false</useDomainConstraints>
<use>1</use>
<logicalDatatype>LOGDT024</logicalDatatype>
<dataTypeSize>60</dataTypeSize>
<ownDataTypeParameters>60,,</ownDataTypeParameters>
<autoIncrementCycle>false</autoIncrementCycle>
</Column>
<Column name="st_infraestrutura" id="9062927E-82D2-0C0E-C1CA-78D488B9666D">
<createdBy>labsfiap</createdBy>
<createdTime>2024-10-21 11:55:00 UTC</createdTime>
<generatorID>0C269AE8-DD10-25CB-B40D-5D2472ABA63B</generatorID>
<ownerDesignName>CP02 Relacional</ownerDesignName>
<useDomainConstraints>false</useDomainConstraints>
<use>1</use>
<logicalDatatype>LOGDT024</logicalDatatype>
<dataTypeSize>60</dataTypeSize>
<ownDataTypeParameters>60,,</ownDataTypeParameters>
<autoIncrementCycle>false</autoIncrementCycle>
</Column>
</columns>
<indexes itemClass="oracle.dbtools.crest.model.design.relational.Index">
<ind_PK_UK id="4F91E01D-3069-9446-7F41-3353984E48DC" name="T_CTSP_INFRAESTRUTURA_PK">
<createdBy>labsfiap</createdBy>
<createdTime>2024-10-21 11:55:00 UTC</createdTime>
<generatorID>81DAB8BF-D2C9-605D-1F1F-E27D59B68B64</generatorID>
<ownerDesignName>CP02 Relacional</ownerDesignName>
<pk>true</pk>
<indexState>Primary Constraint</indexState>
<isSurrogateKey>false</isSurrogateKey>
<indexColumnUsage>
<colUsage columnID="5546C8CC-AD2C-4034-270A-3A7B1091FE6A"/>
</indexColumnUsage>
</ind_PK_UK>
</indexes>
</Table>