<?xml version = '1.0' encoding = 'UTF-8'?>
<Table class="oracle.dbtools.crest.model.design.relational.Table" directorySegmentName="seg_0" id="66DAD8CB-ECD7-DB84-E5AF-C67A5874F1D0" name="T_CTSP_PASSAGENS">
<createdBy>labsfiap</createdBy>
<createdTime>2024-10-21 11:55:00 UTC</createdTime>
<generatorID>0A336BE8-069C-98C0-63F1-7407112B1CE5</generatorID>
<ownerDesignName>CP02 Relacional</ownerDesignName>
<allowColumnReorder>false</allowColumnReorder>
<existDependencyGenerateInDDl>true</existDependencyGenerateInDDl>
<parsed>true</parsed>
<columns itemClass="oracle.dbtools.crest.model.design.relational.Column">
<Column name="id_passagem" id="BD5E7266-C03B-19E5-E2D6-FB18FA8E089D">
<createdBy>labsfiap</createdBy>
<createdTime>2024-10-21 11:55:00 UTC</createdTime>
<generatorID>5D4963A2-4C40-7A70-664C-2256B67FF7A8</generatorID>
<ownerDesignName>CP02 Relacional</ownerDesignName>
<useDomainConstraints>false</useDomainConstraints>
<use>1</use>
<logicalDatatype>LOGDT011</logicalDatatype>
<ownDataTypeParameters>,,</ownDataTypeParameters>
<autoIncrementCycle>false</autoIncrementCycle>
</Column>
<Column name="dt_hr_pagamento" id="A754C186-6671-8FC0-4D4D-AA40C881A2E3">
<createdBy>labsfiap</createdBy>
<createdTime>2024-10-21 11:55:00 UTC</createdTime>
<generatorID>56C42BCF-880D-3B9E-A824-7E1D6D5307D9</generatorID>
<ownerDesignName>CP02 Relacional</ownerDesignName>
<useDomainConstraints>false</useDomainConstraints>
<use>1</use>
<logicalDatatype>LOGDT008</logicalDatatype>
<ownDataTypeParameters>,,</ownDataTypeParameters>
<autoIncrementCycle>false</autoIncrementCycle>
</Column>
<Column name="st_passagem" id="F4F38133-6FE4-7835-2E8C-FCA27C5986E7">
<createdBy>labsfiap</createdBy>
<createdTime>2024-10-21 11:55:00 UTC</createdTime>
<generatorID>E2378E22-16A2-4B81-7BB2-92E9BE0C845B</generatorID>
<ownerDesignName>CP02 Relacional</ownerDesignName>
<useDomainConstraints>false</useDomainConstraints>
<use>1</use>
<logicalDatatype>LOGDT024</logicalDatatype>
<dataTypeSize>60</dataTypeSize>
<ownDataTypeParameters>60,,</ownDataTypeParameters>
<autoIncrementCycle>false</autoIncrementCycle>
</Column>
<Column name="dt_hr_passagem" id="993E4C26-FDA1-B23A-8B9F-9E86AB90112D">
<createdBy>labsfiap</createdBy>
<createdTime>2024-10-21 11:55:00 UTC</createdTime>
<generatorID>4527EC6A-BADA-9090-7CF3-82A8ABD6E05B</generatorID>
<ownerDesignName>CP02 Relacional</ownerDesignName>
<nullsAllowed>true</nullsAllowed>
<useDomainConstraints>false</useDomainConstraints>
<use>1</use>
<logicalDatatype>LOGDT008</logicalDatatype>
<ownDataTypeParameters>,,</ownDataTypeParameters>
<autoIncrementCycle>false</autoIncrementCycle>
</Column>
<Column name="T_CTSP_LINHA_id_linha" id="2133B1D2-EF94-EFF5-1E16-E1B0034C4AB5">
<createdBy>labsfiap</createdBy>
<createdTime>2024-10-21 11:55:00 UTC</createdTime>
<generatorID>56394AF2-F35F-836C-F452-BBC7973572D6</generatorID>
<ownerDesignName>CP02 Relacional</ownerDesignName>
<useDomainConstraints>false</useDomainConstraints>
<use>1</use>
<logicalDatatype>LOGDT011</logicalDatatype>
<ownDataTypeParameters>,,</ownDataTypeParameters>
<previousColumn>false</previousColumn>
<autoIncrementCycle>false</autoIncrementCycle>
<associations>
<colAssociation fkAssociation="C70BCBAE-23BC-CFDF-0578-F9E815976C22" referredColumn="8DF64D52-7D80-7E2C-54B1-D022153B1A02"/>
</associations>
</Column>
</columns>
<indexes itemClass="oracle.dbtools.crest.model.design.relational.Index">
<ind_PK_UK id="6B85A3B0-F317-D4C9-40BB-68B48AE6C021" name="T_CTSP_PASSAGENS_PK">
<createdBy>labsfiap</createdBy>
<createdTime>2024-10-21 11:55:00 UTC</createdTime>
<generatorID>AF5FD11E-3EE5-7644-5351-E3143ECA42E4</generatorID>
<ownerDesignName>CP02 Relacional</ownerDesignName>
<pk>true</pk>
<indexState>Primary Constraint</indexState>
<isSurrogateKey>false</isSurrogateKey>
<indexColumnUsage>
<colUsage columnID="BD5E7266-C03B-19E5-E2D6-FB18FA8E089D"/>
</indexColumnUsage>
</ind_PK_UK>
<ind_PK_UK id="6D224032-A448-01E2-1D7A-AC646E6EDB31" name="T_CTSP_PASSAGENS_T_CTSP_LINHA_FK">
<createdBy>labsfiap</createdBy>
<createdTime>2024-10-21 11:55:00 UTC</createdTime>
<generatorID>48B6DAA1-60C5-5961-343E-4BF545D9CF7E</generatorID>
<ownerDesignName>CP02 Relacional</ownerDesignName>
<indexState>Foreign Key</indexState>
<isSurrogateKey>false</isSurrogateKey>
<indexColumnUsage>
<colUsage columnID="2133B1D2-EF94-EFF5-1E16-E1B0034C4AB5"/>
</indexColumnUsage>
</ind_PK_UK>
</indexes>
</Table>