<?xml version = '1.0' encoding = 'UTF-8'?>
<Table class="oracle.dbtools.crest.model.design.relational.Table" directorySegmentName="seg_0" id="A4707E3A-52AD-3AF3-96E0-4AC8D2653879" name="T_CTSP_ESTACAO">
<createdBy>labsfiap</createdBy>
<createdTime>2024-10-21 11:55:00 UTC</createdTime>
<generatorID>B24572B8-CA42-A1F5-42CF-ECCBBA4E1258</generatorID>
<ownerDesignName>CP02 Relacional</ownerDesignName>
<allowColumnReorder>false</allowColumnReorder>
<existDependencyGenerateInDDl>true</existDependencyGenerateInDDl>
<parsed>true</parsed>
<columns itemClass="oracle.dbtools.crest.model.design.relational.Column">
<Column name="id_estacao" id="05CFFC86-D5CA-89D5-FEE5-BE614CBB2ED7">
<createdBy>labsfiap</createdBy>
<createdTime>2024-10-21 11:55:00 UTC</createdTime>
<generatorID>2E39CABC-3D8A-3D65-28CA-B290B8B45C6B</generatorID>
<ownerDesignName>CP02 Relacional</ownerDesignName>
<useDomainConstraints>false</useDomainConstraints>
<use>1</use>
<logicalDatatype>LOGDT011</logicalDatatype>
<ownDataTypeParameters>,,</ownDataTypeParameters>
<autoIncrementCycle>false</autoIncrementCycle>
</Column>
<Column name="nm_estacao" id="CE388995-9862-5185-4251-0B1D36E4D3C3">
<createdBy>labsfiap</createdBy>
<createdTime>2024-10-21 11:55:00 UTC</createdTime>
<generatorID>07308BD8-A777-E8BD-AFD8-C4F72E77B2CD</generatorID>
<ownerDesignName>CP02 Relacional</ownerDesignName>
<useDomainConstraints>false</useDomainConstraints>
<use>1</use>
<logicalDatatype>LOGDT024</logicalDatatype>
<dataTypeSize>40</dataTypeSize>
<ownDataTypeParameters>40,,</ownDataTypeParameters>
<autoIncrementCycle>false</autoIncrementCycle>
</Column>
<Column name="qt_plataforma" id="A28FB082-8A62-303B-EBC2-5D2B47EED825">
<createdBy>labsfiap</createdBy>
<createdTime>2024-10-21 11:55:00 UTC</createdTime>
<generatorID>5C93CA99-C8C6-E168-747A-26BE1C12F700</generatorID>
<ownerDesignName>CP02 Relacional</ownerDesignName>
<useDomainConstraints>false</useDomainConstraints>
<use>1</use>
<logicalDatatype>LOGDT011</logicalDatatype>
<ownDataTypeParameters>,,</ownDataTypeParameters>
<autoIncrementCycle>false</autoIncrementCycle>
</Column>
<Column name="cp_maxima" id="DF7729EB-3EF3-7D4F-975D-986B7DE16625">
<createdBy>labsfiap</createdBy>
<createdTime>2024-10-21 11:55:00 UTC</createdTime>
<generatorID>ACCEFC16-C627-864E-9102-C01E7BB19883</generatorID>
<ownerDesignName>CP02 Relacional</ownerDesignName>
<useDomainConstraints>false</useDomainConstraints>
<use>1</use>
<logicalDatatype>LOGDT011</logicalDatatype>
<ownDataTypeParameters>,,</ownDataTypeParameters>
<autoIncrementCycle>false</autoIncrementCycle>
</Column>
<Column name="localizacao" id="37A0E1D1-ED26-7FB6-CF5A-F805DFB35C3A">
<createdBy>labsfiap</createdBy>
<createdTime>2024-10-21 11:55:00 UTC</createdTime>
<generatorID>F2BE0C1F-7DBD-2C87-EFF6-8E0D5A3DF43D</generatorID>
<ownerDesignName>CP02 Relacional</ownerDesignName>
<useDomainConstraints>false</useDomainConstraints>
<use>1</use>
<logicalDatatype>LOGDT024</logicalDatatype>
<dataTypeSize>60</dataTypeSize>
<ownDataTypeParameters>60,,</ownDataTypeParameters>
<autoIncrementCycle>false</autoIncrementCycle>
</Column>
<Column name="T_CTSP_LINHA_id_linha" id="ECBBE59D-00AD-A250-B435-2919B0156675">
<createdBy>labsfiap</createdBy>
<createdTime>2024-10-21 11:55:00 UTC</createdTime>
<generatorID>380116C6-E3EE-EC4C-2130-0930D5AC45B8</generatorID>
<ownerDesignName>CP02 Relacional</ownerDesignName>
<useDomainConstraints>false</useDomainConstraints>
<use>1</use>
<logicalDatatype>LOGDT011</logicalDatatype>
<ownDataTypeParameters>,,</ownDataTypeParameters>
<previousColumn>false</previousColumn>
<autoIncrementCycle>false</autoIncrementCycle>
<associations>
<colAssociation fkAssociation="D541BD91-AC9C-D223-9254-08FF4C494450" referredColumn="8DF64D52-7D80-7E2C-54B1-D022153B1A02"/>
</associations>
</Column>
</columns>
<indexes itemClass="oracle.dbtools.crest.model.design.relational.Index">
<ind_PK_UK id="0C1B1588-F431-A6DD-F18A-D634D368BBF8" name="T_CTSP_ESTACAO_PK">
<createdBy>labsfiap</createdBy>
<createdTime>2024-10-21 11:55:00 UTC</createdTime>
<generatorID>D8EA4661-7856-E92B-20BE-1BD26CB66D05</generatorID>
<ownerDesignName>CP02 Relacional</ownerDesignName>
<pk>true</pk>
<indexState>Primary Constraint</indexState>
<isSurrogateKey>false</isSurrogateKey>
<indexColumnUsage>
<colUsage columnID="05CFFC86-D5CA-89D5-FEE5-BE614CBB2ED7"/>
</indexColumnUsage>
</ind_PK_UK>
<ind_PK_UK id="AFF6A7E7-E10E-6B7B-BF65-B252FBE9CD20" name="T_CTSP_ESTACAO_T_CTSP_LINHA_FK">
<createdBy>labsfiap</createdBy>
<createdTime>2024-10-21 11:55:00 UTC</createdTime>
<generatorID>7D9EAE11-EDBC-0778-4459-619B518DFE56</generatorID>
<ownerDesignName>CP02 Relacional</ownerDesignName>
<indexState>Foreign Key</indexState>
<isSurrogateKey>false</isSurrogateKey>
<indexColumnUsage>
<colUsage columnID="ECBBE59D-00AD-A250-B435-2919B0156675"/>
</indexColumnUsage>
</ind_PK_UK>
</indexes>
</Table>