<?xml version = '1.0' encoding = 'UTF-8'?>
<Table class="oracle.dbtools.crest.model.design.relational.Table" directorySegmentName="seg_0" id="A4B365D8-FCAC-F7E4-179D-C423655E11AA" name="Relation_4">
<createdBy>labsfiap</createdBy>
<createdTime>2024-10-21 11:55:00 UTC</createdTime>
<ownerDesignName>CP02 Relacional</ownerDesignName>
<allowColumnReorder>false</allowColumnReorder>
<existDependencyGenerateInDDl>true</existDependencyGenerateInDDl>
<parsed>true</parsed>
<columns itemClass="oracle.dbtools.crest.model.design.relational.Column">
<Column name="T_CTSP_LINHA_id_linha" id="351A3B6A-6221-A9EF-8890-20F4DF47F490">
<createdBy>labsfiap</createdBy>
<createdTime>2024-10-21 11:55:00 UTC</createdTime>
<ownerDesignName>CP02 Relacional</ownerDesignName>
<useDomainConstraints>false</useDomainConstraints>
<use>1</use>
<logicalDatatype>LOGDT011</logicalDatatype>
<ownDataTypeParameters>,,</ownDataTypeParameters>
<previousColumn>false</previousColumn>
<autoIncrementCycle>false</autoIncrementCycle>
<associations>
<colAssociation fkAssociation="92A22060-F23F-0800-DF9E-50F1351D4D9A" referredColumn="8DF64D52-7D80-7E2C-54B1-D022153B1A02"/>
</associations>
</Column>
<Column name="T_CTSP_INFRAESTRUTURA_id_infraestrutura" id="A3CC50DA-0128-37AF-7DC6-FD036F11A138">
<createdBy>labsfiap</createdBy>
<createdTime>2024-10-21 11:55:00 UTC</createdTime>
<ownerDesignName>CP02 Relacional</ownerDesignName>
<useDomainConstraints>false</useDomainConstraints>
<use>1</use>
<logicalDatatype>LOGDT011</logicalDatatype>
<ownDataTypeParameters>,,</ownDataTypeParameters>
<previousColumn>false</previousColumn>
<autoIncrementCycle>false</autoIncrementCycle>
<associations>
<colAssociation fkAssociation="319C4F6E-E0E6-5FBC-1508-BD45AA34BCDA" referredColumn="5546C8CC-AD2C-4034-270A-3A7B1091FE6A"/>
</associations>
</Column>
</columns>
<indexes itemClass="oracle.dbtools.crest.model.design.relational.Index">
<ind_PK_UK id="86387752-82C8-9AA5-ECBA-68127ABECE66" name="Relation_4_PK">
<createdBy>labsfiap</createdBy>
<createdTime>2024-10-21 11:55:00 UTC</createdTime>
<ownerDesignName>CP02 Relacional</ownerDesignName>
<pk>true</pk>
<indexState>Primary Constraint</indexState>
<isSurrogateKey>false</isSurrogateKey>
<indexColumnUsage>
<colUsage columnID="351A3B6A-6221-A9EF-8890-20F4DF47F490"/>
<colUsage columnID="A3CC50DA-0128-37AF-7DC6-FD036F11A138"/>
</indexColumnUsage>
</ind_PK_UK>
<ind_PK_UK id="1285AF74-2C73-014C-1CEA-642FC5B42F1A" name="Relation_4_T_CTSP_LINHA_FK">
<createdBy>labsfiap</createdBy>
<createdTime>2024-10-21 11:55:00 UTC</createdTime>
<generatorID>27C80511-0B9A-E1A2-C2D1-518061A84664</generatorID>
<ownerDesignName>CP02 Relacional</ownerDesignName>
<indexState>Foreign Key</indexState>
<isSurrogateKey>false</isSurrogateKey>
<indexColumnUsage>
<colUsage columnID="351A3B6A-6221-A9EF-8890-20F4DF47F490"/>
</indexColumnUsage>
</ind_PK_UK>
<ind_PK_UK id="EAF2DBCA-B946-32D4-2AF0-FDBBF3AA1809" name="Relation_4_T_CTSP_INFRAESTRUTURA_FK">
<createdBy>labsfiap</createdBy>
<createdTime>2024-10-21 11:55:00 UTC</createdTime>
<generatorID>27C80511-0B9A-E1A2-C2D1-518061A84664</generatorID>
<ownerDesignName>CP02 Relacional</ownerDesignName>
<indexState>Foreign Key</indexState>
<isSurrogateKey>false</isSurrogateKey>
<indexColumnUsage>
<colUsage columnID="A3CC50DA-0128-37AF-7DC6-FD036F11A138"/>
</indexColumnUsage>
</ind_PK_UK>
</indexes>
</Table>