<?xml version = '1.0' encoding = 'UTF-8'?>
<Table class="oracle.dbtools.crest.model.design.relational.Table" directorySegmentName="seg_0" id="FEBF82EA-85FE-1E61-4A36-CABAFF78B26C" name="T_CTSP_VAGOES">
<createdBy>labsfiap</createdBy>
<createdTime>2024-10-21 11:55:00 UTC</createdTime>
<generatorID>6951EE75-1D65-F0AB-EFFF-D7BCBD7A6FC1</generatorID>
<ownerDesignName>CP02 Relacional</ownerDesignName>
<allowColumnReorder>false</allowColumnReorder>
<existDependencyGenerateInDDl>true</existDependencyGenerateInDDl>
<parsed>true</parsed>
<columns itemClass="oracle.dbtools.crest.model.design.relational.Column">
<Column name="id_vagoes" id="0E1D8F4A-2DF0-0436-0E50-72DF8A0C3C41">
<createdBy>labsfiap</createdBy>
<createdTime>2024-10-21 11:55:00 UTC</createdTime>
<generatorID>C31C670D-B113-3613-4E7B-F1AC35AA9FF0</generatorID>
<ownerDesignName>CP02 Relacional</ownerDesignName>
<useDomainConstraints>false</useDomainConstraints>
<use>1</use>
<logicalDatatype>LOGDT011</logicalDatatype>
<ownDataTypeParameters>,,</ownDataTypeParameters>
<autoIncrementCycle>false</autoIncrementCycle>
</Column>
<Column name="cp_maxima" id="306EF449-9649-DC98-A4E7-011B7AB7C2F8">
<createdBy>labsfiap</createdBy>
<createdTime>2024-10-21 11:55:00 UTC</createdTime>
<generatorID>D4D8A2FB-BFF7-A605-0D56-6C99057B95B8</generatorID>
<ownerDesignName>CP02 Relacional</ownerDesignName>
<useDomainConstraints>false</useDomainConstraints>
<use>1</use>
<logicalDatatype>LOGDT011</logicalDatatype>
<ownDataTypeParameters>,,</ownDataTypeParameters>
<autoIncrementCycle>false</autoIncrementCycle>
</Column>
<Column name="T_CTSP_TREM_id_trem" id="7AFA2462-601C-FFD2-892A-73B65C88D3DD">
<createdBy>labsfiap</createdBy>
<createdTime>2024-10-21 11:55:00 UTC</createdTime>
<generatorID>3662442D-5CE4-1ED0-D449-53E63F5943AA</generatorID>
<ownerDesignName>CP02 Relacional</ownerDesignName>
<useDomainConstraints>false</useDomainConstraints>
<use>1</use>
<logicalDatatype>LOGDT011</logicalDatatype>
<ownDataTypeParameters>,,</ownDataTypeParameters>
<previousColumn>false</previousColumn>
<autoIncrementCycle>false</autoIncrementCycle>
<associations>
<colAssociation fkAssociation="08CE2072-C9EB-0E5A-095D-22F0B233357B" referredColumn="80D2BF50-FC02-F19D-F7E5-A63533A1FFB5"/>
</associations>
</Column>
<Column name="T_CTSP_TREM_T_CTSP_LINHA_id_linha" id="1B7DEE77-1041-62BC-2A0F-96D395DA449A">
<createdBy>labsfiap</createdBy>
<createdTime>2024-10-21 11:55:00 UTC</createdTime>
<generatorID>AC9A9559-436F-915F-ED62-602FAF44375D</generatorID>
<ownerDesignName>CP02 Relacional</ownerDesignName>
<useDomainConstraints>false</useDomainConstraints>
<use>1</use>
<logicalDatatype>LOGDT011</logicalDatatype>
<ownDataTypeParameters>,,</ownDataTypeParameters>
<previousColumn>false</previousColumn>
<autoIncrementCycle>false</autoIncrementCycle>
<associations>
<colAssociation fkAssociation="08CE2072-C9EB-0E5A-095D-22F0B233357B" referredColumn="68167A2D-A2E3-781B-C0D6-BC4272EDC003"/>
</associations>
</Column>
</columns>
<indexes itemClass="oracle.dbtools.crest.model.design.relational.Index">
<ind_PK_UK id="929B5BBE-1A07-2370-C2D2-CB893DFBF083" name="T_CTSP_VAGOES_PK">
<createdBy>labsfiap</createdBy>
<createdTime>2024-10-21 11:55:00 UTC</createdTime>
<generatorID>C81956CD-AB7D-924C-B9DB-83AF436EE9CB</generatorID>
<ownerDesignName>CP02 Relacional</ownerDesignName>
<pk>true</pk>
<indexState>Primary Constraint</indexState>
<isSurrogateKey>false</isSurrogateKey>
<indexColumnUsage>
<colUsage columnID="0E1D8F4A-2DF0-0436-0E50-72DF8A0C3C41"/>
</indexColumnUsage>
</ind_PK_UK>
<ind_PK_UK id="346ED161-10AB-F99B-EC7D-BA7821AF9815" name="T_CTSP_VAGOES_T_CTSP_TREM_FK">
<createdBy>labsfiap</createdBy>
<createdTime>2024-10-21 11:55:00 UTC</createdTime>
<generatorID>1B9BDF2F-F3AD-211C-15FF-FD111217015E</generatorID>
<ownerDesignName>CP02 Relacional</ownerDesignName>
<indexState>Foreign Key</indexState>
<isSurrogateKey>false</isSurrogateKey>
<indexColumnUsage>
<colUsage columnID="7AFA2462-601C-FFD2-892A-73B65C88D3DD"/>
<colUsage columnID="1B7DEE77-1041-62BC-2A0F-96D395DA449A"/>
</indexColumnUsage>
</ind_PK_UK>
</indexes>
</Table>