<?xml version = '1.0' encoding = 'UTF-8'?>
<Diagram class="oracle.dbtools.crest.swingui.relational.DPVRelational" name="Relational_1" id="709FFD77-089E-5619-FB70-AA46C8FCC70B">
<createdBy>labsfiap</createdBy>
<modifiedBy>labsfiap</modifiedBy>
<createdTime>2024-09-23 11:34:32 UTC</createdTime>
<autoRoute>false</autoRoute>
<boxInbox>true</boxInbox>
<showLegend>false</showLegend>
<showLabels>false</showLabels>
<showRelAttributes>false</showRelAttributes>
<gridEnabled>false</gridEnabled>
<showGrid>false</showGrid>
<diagramColor>-1</diagramColor>
<display>false</display>
<notation>1</notation>
<objectViews>
<OView class="oracle.dbtools.crest.swingui.relational.TVTable" oid="03064BAD-4A07-AF54-8D05-F983CA06BEDC" otype="Table" vid="0D0F1316-AA35-1BE8-397A-BE785B3CE3ED">
<hideElementsInCurrentOnly>false</hideElementsInCurrentOnly>
<bounds x="310" y="53" width="170" height="138"/>
</OView>
<OView class="oracle.dbtools.crest.swingui.relational.TVTable" oid="2C608593-7D4D-4736-D7A3-D5190F594732" otype="Table" vid="485F8840-3BDB-D2AA-DB1C-C80344EB1614">
<hideElementsInCurrentOnly>false</hideElementsInCurrentOnly>
<bounds x="72" y="192" width="170" height="110"/>
</OView>
<OView class="oracle.dbtools.crest.swingui.relational.TVTable" oid="30542DC0-434E-5F70-5DB7-0D5A71A18AFE" otype="Table" vid="6AFD884B-A05A-7C22-6EF7-D49901CEF9B2">
<hideElementsInCurrentOnly>false</hideElementsInCurrentOnly>
<bounds x="583" y="55" width="170" height="124"/>
</OView>
<OView class="oracle.dbtools.crest.swingui.relational.TVTable" oid="7376DF7D-0E8A-74D6-1E02-A91955CAB9C3" otype="Table" vid="6A3118F2-1EBB-2525-D4C4-9C03FC0B5904">
<hideElementsInCurrentOnly>false</hideElementsInCurrentOnly>
<bounds x="811" y="322" width="170" height="110"/>
</OView>
<OView class="oracle.dbtools.crest.swingui.relational.TVTable" oid="C06B25E5-C722-52ED-73C3-C07FFFD6E2DA" otype="Table" vid="8A98116F-63DC-9A7E-399C-76D03D8D5FD9">
<hideElementsInCurrentOnly>false</hideElementsInCurrentOnly>
<bounds x="578" y="235" width="170" height="146"/>
</OView>
<OView class="oracle.dbtools.crest.swingui.relational.TVTable" oid="C44688DB-7686-FDA0-1622-7FCD8F3D8CD1" otype="Table" vid="3F24FE12-306F-A1C9-3FD3-5E9D2430409C">
<hideElementsInCurrentOnly>false</hideElementsInCurrentOnly>
<bounds x="829" y="54" width="170" height="110"/>
</OView>
<OView class="oracle.dbtools.crest.swingui.relational.TVTable" oid="E66574F0-E715-CD4D-104C-F3C8D9FC2A19" otype="Table" vid="A6723FB2-5767-BF0A-4A05-C6C9840B5923">
<hideElementsInCurrentOnly>false</hideElementsInCurrentOnly>
<bounds x="319" y="312" width="170" height="110"/>
</OView>
</objectViews>
<connectors>
<Connector class="oracle.dbtools.crest.swingui.relational.TVFKRelation" oid="0AB815E0-7E0C-1AFA-7F4C-C5C107B877C0" otype="FKIndexAssociation" vid_source="6AFD884B-A05A-7C22-6EF7-D49901CEF9B2" vid_target="8A98116F-63DC-9A7E-399C-76D03D8D5FD9">
<hideElementsInCurrentOnly>false</hideElementsInCurrentOnly>
<backgroundColor>-16777216</backgroundColor>
<lineWidth>1</lineWidth>
<points>
<point x="665" y="179"/>
<point x="665" y="235"/>
</points>
</Connector>
<Connector class="oracle.dbtools.crest.swingui.relational.TVFKRelation" oid="21049D49-A54A-B338-176B-78F20F9BBB5B" otype="FKIndexAssociation" vid_source="3F24FE12-306F-A1C9-3FD3-5E9D2430409C" vid_target="6AFD884B-A05A-7C22-6EF7-D49901CEF9B2">
<hideElementsInCurrentOnly>false</hideElementsInCurrentOnly>
<backgroundColor>-16777216</backgroundColor>
<lineWidth>1</lineWidth>
<points>
<point x="829" y="109"/>
<point x="753" y="109"/>
</points>
</Connector>
<Connector class="oracle.dbtools.crest.swingui.relational.TVFKRelation" oid="3A86B5AC-233D-7F6A-EEAE-A2DA29E99C02" otype="FKIndexAssociation" vid_source="A6723FB2-5767-BF0A-4A05-C6C9840B5923" vid_target="8A98116F-63DC-9A7E-399C-76D03D8D5FD9">
<hideElementsInCurrentOnly>false</hideElementsInCurrentOnly>
<backgroundColor>-16777216</backgroundColor>
<lineWidth>1</lineWidth>
<points>
<point x="489" y="346"/>
<point x="578" y="346"/>
</points>
</Connector>
<Connector class="oracle.dbtools.crest.swingui.relational.TVFKRelation" oid="4AC27004-237F-94C6-EDA9-78C02D45FC1B" otype="FKIndexAssociation" vid_source="485F8840-3BDB-D2AA-DB1C-C80344EB1614" vid_target="A6723FB2-5767-BF0A-4A05-C6C9840B5923">
<hideElementsInCurrentOnly>false</hideElementsInCurrentOnly>
<backgroundColor>-16777216</backgroundColor>
<lineWidth>1</lineWidth>
<points>
<point x="242" y="288"/>
<point x="319" y="325"/>
</points>
</Connector>
<Connector class="oracle.dbtools.crest.swingui.relational.TVFKRelation" oid="8D22E279-0D92-B0D1-3867-E4B4BE3F94F1" otype="FKIndexAssociation" vid_source="6A3118F2-1EBB-2525-D4C4-9C03FC0B5904" vid_target="8A98116F-63DC-9A7E-399C-76D03D8D5FD9">
<hideElementsInCurrentOnly>false</hideElementsInCurrentOnly>
<backgroundColor>-16777216</backgroundColor>
<lineWidth>1</lineWidth>
<points>
<point x="811" y="351"/>
<point x="748" y="351"/>
</points>
</Connector>
<Connector class="oracle.dbtools.crest.swingui.relational.TVFKRelation" oid="B1419ABB-752C-2F2C-89C6-8510392B16AD" otype="FKIndexAssociation" vid_source="6AFD884B-A05A-7C22-6EF7-D49901CEF9B2" vid_target="0D0F1316-AA35-1BE8-397A-BE785B3CE3ED">
<hideElementsInCurrentOnly>false</hideElementsInCurrentOnly>
<backgroundColor>-16777216</backgroundColor>
<lineWidth>1</lineWidth>
<points>
<point x="583" y="117"/>
<point x="480" y="117"/>
</points>
</Connector>
<Connector class="oracle.dbtools.crest.swingui.relational.TVFKRelation" oid="C6DDD874-FA3B-9CE6-E7BC-EFB16150E446" otype="FKIndexAssociation" vid_source="485F8840-3BDB-D2AA-DB1C-C80344EB1614" vid_target="0D0F1316-AA35-1BE8-397A-BE785B3CE3ED">
<hideElementsInCurrentOnly>false</hideElementsInCurrentOnly>
<backgroundColor>-16777216</backgroundColor>
<lineWidth>1</lineWidth>
<points>
<point x="242" y="202"/>
<point x="310" y="166"/>
</points>
</Connector>
<Connector class="oracle.dbtools.crest.swingui.relational.TVFKRelation" oid="E975A279-477F-11DD-6A67-0C28F8DF81D0" otype="FKIndexAssociation" vid_source="3F24FE12-306F-A1C9-3FD3-5E9D2430409C" vid_target="6A3118F2-1EBB-2525-D4C4-9C03FC0B5904">
<hideElementsInCurrentOnly>false</hideElementsInCurrentOnly>
<backgroundColor>-16777216</backgroundColor>
<lineWidth>1</lineWidth>
<points>
<point x="905" y="164"/>
<point x="905" y="322"/>
</points>
</Connector>
</connectors>
</Diagram>