<?xml version = '1.0' encoding = 'UTF-8'?>
<Table class="oracle.dbtools.crest.model.design.relational.Table" directorySegmentName="seg_0" id="2538A2C6-AD2E-DC25-FDAB-A63EDC4F2B0A" name="T_CTSP_CAPACIDADE_VAGAS">
<createdBy>labsfiap</createdBy>
<createdTime>2024-10-21 11:55:00 UTC</createdTime>
<generatorID>843EF2D9-A04B-4DC6-8B8A-00B714C50862</generatorID>
<ownerDesignName>CP02 Logical</ownerDesignName>
<allowColumnReorder>false</allowColumnReorder>
<existDependencyGenerateInDDl>true</existDependencyGenerateInDDl>
<parsed>true</parsed>
<columns itemClass="oracle.dbtools.crest.model.design.relational.Column">
<Column name="id_capacidade_vagas" id="F7B33B18-C6FB-FB78-E810-2A749767D54A">
<createdBy>labsfiap</createdBy>
<createdTime>2024-10-21 11:55:00 UTC</createdTime>
<generatorID>3D162334-C8F4-873B-5447-D1B71E5D9C9D</generatorID>
<ownerDesignName>CP02 Logical</ownerDesignName>
<useDomainConstraints>false</useDomainConstraints>
<use>1</use>
<logicalDatatype>LOGDT011</logicalDatatype>
<ownDataTypeParameters>,,</ownDataTypeParameters>
<autoIncrementCycle>false</autoIncrementCycle>
</Column>
<Column name="cp_atual" id="71ADCC78-7690-B3EF-FAB2-B731CD5D5958">
<createdBy>labsfiap</createdBy>
<createdTime>2024-10-21 11:55:00 UTC</createdTime>
<generatorID>79340F02-6128-B72B-E9C7-2AF3173C6C82</generatorID>
<ownerDesignName>CP02 Logical</ownerDesignName>
<useDomainConstraints>false</useDomainConstraints>
<use>1</use>
<logicalDatatype>LOGDT011</logicalDatatype>
<ownDataTypeParameters>,,</ownDataTypeParameters>
<autoIncrementCycle>false</autoIncrementCycle>
</Column>
<Column name="dt_hr_capacidade" id="7CFA2D43-038C-30FE-75C4-740D7405A51B">
<createdBy>labsfiap</createdBy>
<createdTime>2024-10-21 11:55:00 UTC</createdTime>
<generatorID>5A7A42E0-76F6-B0BB-4997-D855D8A6D3FC</generatorID>
<ownerDesignName>CP02 Logical</ownerDesignName>
<useDomainConstraints>false</useDomainConstraints>
<use>1</use>
<logicalDatatype>LOGDT008</logicalDatatype>
<ownDataTypeParameters>,,</ownDataTypeParameters>
<autoIncrementCycle>false</autoIncrementCycle>
</Column>
<Column name="st_capacidade" id="A23D7A62-680D-6EFB-28C7-DA3DEC2F6186">
<createdBy>labsfiap</createdBy>
<createdTime>2024-10-21 11:55:00 UTC</createdTime>
<generatorID>F8C6BAAA-589B-582F-E565-A389C40D26C2</generatorID>
<ownerDesignName>CP02 Logical</ownerDesignName>
<useDomainConstraints>false</useDomainConstraints>
<use>1</use>
<logicalDatatype>LOGDT024</logicalDatatype>
<dataTypeSize>100</dataTypeSize>
<ownDataTypeParameters>100,,</ownDataTypeParameters>
<autoIncrementCycle>false</autoIncrementCycle>
</Column>
<Column name="T_CTSP_VAGOES_id_vagoes" id="35844F3F-8DE8-B77E-03F4-C3B5E6EFE3FC">
<createdBy>labsfiap</createdBy>
<createdTime>2024-10-21 11:55:00 UTC</createdTime>
<generatorID>7195D66A-83F0-2213-E914-DA04725219E2</generatorID>
<ownerDesignName>CP02 Logical</ownerDesignName>
<useDomainConstraints>false</useDomainConstraints>
<use>1</use>
<logicalDatatype>LOGDT011</logicalDatatype>
<ownDataTypeParameters>,,</ownDataTypeParameters>
<previousColumn>false</previousColumn>
<autoIncrementCycle>false</autoIncrementCycle>
<associations>
<colAssociation fkAssociation="0A2C6162-B7DE-B1A9-B4DE-8A360510978C" referredColumn="0E1D8F4A-2DF0-0436-0E50-72DF8A0C3C41"/>
</associations>
</Column>
</columns>
<indexes itemClass="oracle.dbtools.crest.model.design.relational.Index">
<ind_PK_UK id="430BBB9C-383E-7DFA-B30D-2E1858B6209D" name="T_CTSP_CAPACIDADE_VAGAS_PK">
<createdBy>labsfiap</createdBy>
<createdTime>2024-10-21 11:55:00 UTC</createdTime>
<generatorID>8F31EE41-8BEE-0364-F43B-1E186B914311</generatorID>
<ownerDesignName>CP02 Logical</ownerDesignName>
<pk>true</pk>
<indexState>Primary Constraint</indexState>
<isSurrogateKey>false</isSurrogateKey>
<indexColumnUsage>
<colUsage columnID="F7B33B18-C6FB-FB78-E810-2A749767D54A"/>
</indexColumnUsage>
</ind_PK_UK>
<ind_PK_UK id="0CFA213C-431E-9F32-D5EC-C17799DFB54C" name="T_CTSP_CAPACIDADE_VAGAS_T_CTSP_VAGOES_FK">
<createdBy>labsfiap</createdBy>
<createdTime>2024-10-21 11:55:00 UTC</createdTime>
<generatorID>DE583F80-D004-F075-5E3F-399554C4A175</generatorID>
<ownerDesignName>CP02 Logical</ownerDesignName>
<indexState>Foreign Key</indexState>
<isSurrogateKey>false</isSurrogateKey>
<indexColumnUsage>
<colUsage columnID="35844F3F-8DE8-B77E-03F4-C3B5E6EFE3FC"/>
</indexColumnUsage>
</ind_PK_UK>
</indexes>
</Table>