<?xml version = '1.0' encoding = 'UTF-8'?>
<Table class="oracle.dbtools.crest.model.design.relational.Table" directorySegmentName="seg_0" id="7E34932F-BE55-235D-931C-E61F451519EE" name="T_CTSP_CAPACIDADE_ESTACAO">
<createdBy>labsfiap</createdBy>
<createdTime>2024-10-21 11:55:00 UTC</createdTime>
<generatorID>667543EA-5623-C4FC-7A3D-9D5425A3794A</generatorID>
<ownerDesignName>CP02 Logical</ownerDesignName>
<allowColumnReorder>false</allowColumnReorder>
<existDependencyGenerateInDDl>true</existDependencyGenerateInDDl>
<parsed>true</parsed>
<columns itemClass="oracle.dbtools.crest.model.design.relational.Column">
<Column name="id_capacidade_estacao" id="340B93E7-9212-11F2-BE67-BEC7AD924CB2">
<createdBy>labsfiap</createdBy>
<createdTime>2024-10-21 11:55:00 UTC</createdTime>
<generatorID>F6C38B19-A7F3-D644-35BC-823ECB287A7D</generatorID>
<ownerDesignName>CP02 Logical</ownerDesignName>
<useDomainConstraints>false</useDomainConstraints>
<use>1</use>
<logicalDatatype>LOGDT011</logicalDatatype>
<ownDataTypeParameters>,,</ownDataTypeParameters>
<autoIncrementCycle>false</autoIncrementCycle>
</Column>
<Column name="cp_atual" id="44132878-3159-98E3-8191-DD229BC9B3C4">
<createdBy>labsfiap</createdBy>
<createdTime>2024-10-21 11:55:00 UTC</createdTime>
<generatorID>997A8295-F537-6C99-BAAD-0539FDA4CFD6</generatorID>
<ownerDesignName>CP02 Logical</ownerDesignName>
<useDomainConstraints>false</useDomainConstraints>
<use>1</use>
<logicalDatatype>LOGDT011</logicalDatatype>
<ownDataTypeParameters>,,</ownDataTypeParameters>
<autoIncrementCycle>false</autoIncrementCycle>
</Column>
<Column name="dt_hr_capacidade" id="E3432179-C012-DBA6-B4B0-399AEF7C35C7">
<createdBy>labsfiap</createdBy>
<createdTime>2024-10-21 11:55:00 UTC</createdTime>
<generatorID>98B47801-1A24-4344-3566-A928C6F35A1A</generatorID>
<ownerDesignName>CP02 Logical</ownerDesignName>
<nullsAllowed>true</nullsAllowed>
<useDomainConstraints>false</useDomainConstraints>
<use>1</use>
<logicalDatatype>LOGDT008</logicalDatatype>
<ownDataTypeParameters>,,</ownDataTypeParameters>
<autoIncrementCycle>false</autoIncrementCycle>
</Column>
<Column name="st_capacidade" id="E8BD38D5-0D8A-AE0B-E2E2-10B03E014A4C">
<createdBy>labsfiap</createdBy>
<createdTime>2024-10-21 11:55:00 UTC</createdTime>
<generatorID>3A3E4A3E-A035-308D-4B5F-E5B365509FB0</generatorID>
<ownerDesignName>CP02 Logical</ownerDesignName>
<useDomainConstraints>false</useDomainConstraints>
<use>1</use>
<logicalDatatype>LOGDT040</logicalDatatype>
<ownDataTypeParameters>,,</ownDataTypeParameters>
<autoIncrementCycle>false</autoIncrementCycle>
</Column>
<Column name="T_CTSP_ESTACAO_id_estacao" id="9E362A39-B6C5-865E-37B9-4E15EAE383DE">
<createdBy>labsfiap</createdBy>
<createdTime>2024-10-21 11:55:00 UTC</createdTime>
<generatorID>C384734C-16CC-8C08-D532-A5D247566A8A</generatorID>
<ownerDesignName>CP02 Logical</ownerDesignName>
<useDomainConstraints>false</useDomainConstraints>
<use>1</use>
<logicalDatatype>LOGDT011</logicalDatatype>
<ownDataTypeParameters>,,</ownDataTypeParameters>
<previousColumn>false</previousColumn>
<autoIncrementCycle>false</autoIncrementCycle>
<associations>
<colAssociation fkAssociation="9D32EA3E-D4AD-7206-8DC5-FDBC8CCE3E69" referredColumn="05CFFC86-D5CA-89D5-FEE5-BE614CBB2ED7"/>
</associations>
</Column>
</columns>
<indexes itemClass="oracle.dbtools.crest.model.design.relational.Index">
<ind_PK_UK id="77431EB6-D346-2666-36A0-92BA0D136BA4" name="T_CTSP_CAPACIDADE_ESTACAO_PK">
<createdBy>labsfiap</createdBy>
<createdTime>2024-10-21 11:55:00 UTC</createdTime>
<generatorID>D38F8B4B-AC16-BE94-618A-440B16FCAB6E</generatorID>
<ownerDesignName>CP02 Logical</ownerDesignName>
<pk>true</pk>
<indexState>Primary Constraint</indexState>
<isSurrogateKey>false</isSurrogateKey>
<indexColumnUsage>
<colUsage columnID="340B93E7-9212-11F2-BE67-BEC7AD924CB2"/>
</indexColumnUsage>
</ind_PK_UK>
<ind_PK_UK id="A9411668-9A47-6CD0-1BFD-1E65B41DB465" name="T_CTSP_CAPACIDADE_ESTACAO_T_CTSP_ESTACAO_FK">
<createdBy>labsfiap</createdBy>
<createdTime>2024-10-21 11:55:00 UTC</createdTime>
<generatorID>7E856F90-775D-FA6A-D201-C5CE2CFA52BE</generatorID>
<ownerDesignName>CP02 Logical</ownerDesignName>
<indexState>Foreign Key</indexState>
<isSurrogateKey>false</isSurrogateKey>
<indexColumnUsage>
<colUsage columnID="9E362A39-B6C5-865E-37B9-4E15EAE383DE"/>
</indexColumnUsage>
</ind_PK_UK>
</indexes>
</Table>