<?xml version = '1.0' encoding = 'UTF-8'?>
<Table class="oracle.dbtools.crest.model.design.relational.Table" directorySegmentName="seg_0" id="83EA3498-BDFA-E802-49DB-471493783FD8" name="T_CTSP_TREM">
<createdBy>labsfiap</createdBy>
<createdTime>2024-10-21 11:55:00 UTC</createdTime>
<generatorID>F08B8E3B-7B0F-272B-9060-89726CF3412C</generatorID>
<ownerDesignName>CP02 Logical</ownerDesignName>
<allowColumnReorder>false</allowColumnReorder>
<existDependencyGenerateInDDl>true</existDependencyGenerateInDDl>
<parsed>true</parsed>
<columns itemClass="oracle.dbtools.crest.model.design.relational.Column">
<Column name="id_trem" id="80D2BF50-FC02-F19D-F7E5-A63533A1FFB5">
<createdBy>labsfiap</createdBy>
<createdTime>2024-10-21 11:55:00 UTC</createdTime>
<generatorID>E02E8A49-06EC-A9C4-FD81-FD59488AE55E</generatorID>
<ownerDesignName>CP02 Logical</ownerDesignName>
<useDomainConstraints>false</useDomainConstraints>
<use>1</use>
<logicalDatatype>LOGDT011</logicalDatatype>
<ownDataTypeParameters>,,</ownDataTypeParameters>
<autoIncrementCycle>false</autoIncrementCycle>
</Column>
<Column name="tp_trem" id="99BE6E18-4054-EB56-C0BF-B6E66BCD9B51">
<createdBy>labsfiap</createdBy>
<createdTime>2024-10-21 11:55:00 UTC</createdTime>
<generatorID>C8D37ED9-C873-DE90-7204-816039199216</generatorID>
<ownerDesignName>CP02 Logical</ownerDesignName>
<useDomainConstraints>false</useDomainConstraints>
<use>1</use>
<logicalDatatype>LOGDT024</logicalDatatype>
<dataTypeSize>40</dataTypeSize>
<ownDataTypeParameters>40,,</ownDataTypeParameters>
<autoIncrementCycle>false</autoIncrementCycle>
</Column>
<Column name="nr_serie" id="860521A3-0C64-6162-36E6-A7E75F1E3262">
<createdBy>labsfiap</createdBy>
<createdTime>2024-10-21 11:55:00 UTC</createdTime>
<generatorID>5075CA2B-88E0-8E1D-E7E5-912079D41712</generatorID>
<ownerDesignName>CP02 Logical</ownerDesignName>
<useDomainConstraints>false</useDomainConstraints>
<use>1</use>
<logicalDatatype>LOGDT011</logicalDatatype>
<ownDataTypeParameters>,,</ownDataTypeParameters>
<autoIncrementCycle>false</autoIncrementCycle>
</Column>
<Column name="modelo" id="6AA82D17-C9EA-DFDE-3FCB-F734326B474D">
<createdBy>labsfiap</createdBy>
<createdTime>2024-10-21 11:55:00 UTC</createdTime>
<generatorID>D2E977FD-198C-6376-27CE-6F3D741984A7</generatorID>
<ownerDesignName>CP02 Logical</ownerDesignName>
<useDomainConstraints>false</useDomainConstraints>
<use>1</use>
<logicalDatatype>LOGDT024</logicalDatatype>
<dataTypeSize>20</dataTypeSize>
<ownDataTypeParameters>20,,</ownDataTypeParameters>
<autoIncrementCycle>false</autoIncrementCycle>
</Column>
<Column name="cp_maxima" id="EAC3AF1C-54E5-5463-E7FE-348BDD39CFAB">
<createdBy>labsfiap</createdBy>
<createdTime>2024-10-21 11:55:00 UTC</createdTime>
<generatorID>46F343D4-6342-BD36-CE4C-9A4E4B62EA65</generatorID>
<ownerDesignName>CP02 Logical</ownerDesignName>
<useDomainConstraints>false</useDomainConstraints>
<use>1</use>
<logicalDatatype>LOGDT011</logicalDatatype>
<ownDataTypeParameters>,,</ownDataTypeParameters>
<autoIncrementCycle>false</autoIncrementCycle>
</Column>
<Column name="T_CTSP_LINHA_id_linha" id="68167A2D-A2E3-781B-C0D6-BC4272EDC003">
<createdBy>labsfiap</createdBy>
<createdTime>2024-10-21 11:55:00 UTC</createdTime>
<generatorID>5FEFEA33-EACE-001A-A34D-5D50CF42AA46</generatorID>
<ownerDesignName>CP02 Logical</ownerDesignName>
<useDomainConstraints>false</useDomainConstraints>
<use>1</use>
<logicalDatatype>LOGDT011</logicalDatatype>
<ownDataTypeParameters>,,</ownDataTypeParameters>
<previousColumn>false</previousColumn>
<autoIncrementCycle>false</autoIncrementCycle>
<associations>
<colAssociation fkAssociation="1135229B-7A30-EC0B-2BFF-FD2B8EADC695" referredColumn="8DF64D52-7D80-7E2C-54B1-D022153B1A02"/>
</associations>
</Column>
</columns>
<indexes itemClass="oracle.dbtools.crest.model.design.relational.Index">
<ind_PK_UK id="8316CB7A-F0E4-5E23-2A4D-2390AA0768FA" name="T_CTSP_TREM_PK">
<createdBy>labsfiap</createdBy>
<createdTime>2024-10-21 11:55:00 UTC</createdTime>
<generatorID>51823325-5608-48C3-C50D-5B7BA4728E8F</generatorID>
<ownerDesignName>CP02 Logical</ownerDesignName>
<pk>true</pk>
<indexState>Primary Constraint</indexState>
<isSurrogateKey>false</isSurrogateKey>
<indexColumnUsage>
<colUsage columnID="80D2BF50-FC02-F19D-F7E5-A63533A1FFB5"/>
<colUsage columnID="68167A2D-A2E3-781B-C0D6-BC4272EDC003"/>
</indexColumnUsage>
</ind_PK_UK>
<ind_PK_UK id="0ADAAD79-F178-7A3E-5142-BDE2DC213256" name="T_CTSP_TREM_T_CTSP_LINHA_FK">
<createdBy>labsfiap</createdBy>
<createdTime>2024-10-21 11:55:00 UTC</createdTime>
<generatorID>51F04595-A1DA-CEE3-2E61-A9D55B36DCF2</generatorID>
<ownerDesignName>CP02 Logical</ownerDesignName>
<indexState>Foreign Key</indexState>
<isSurrogateKey>false</isSurrogateKey>
<indexColumnUsage>
<colUsage columnID="68167A2D-A2E3-781B-C0D6-BC4272EDC003"/>
</indexColumnUsage>
</ind_PK_UK>
</indexes>
</Table>