<?xml version = '1.0' encoding = 'UTF-8'?>
<Table class="oracle.dbtools.crest.model.design.relational.Table" directorySegmentName="seg_0" id="84254E01-4AE9-6AC7-1B84-2EA76826040D" name="T_CTSP_INCIDENTES">
<createdBy>labsfiap</createdBy>
<createdTime>2024-10-21 11:55:00 UTC</createdTime>
<generatorID>1FB1D3C5-3FDD-745F-07F0-83E39C995F58</generatorID>
<ownerDesignName>CP02 Logical</ownerDesignName>
<allowColumnReorder>false</allowColumnReorder>
<existDependencyGenerateInDDl>true</existDependencyGenerateInDDl>
<parsed>true</parsed>
<columns itemClass="oracle.dbtools.crest.model.design.relational.Column">
<Column name="id_incidentes" id="74A64DDE-23F7-52CC-6718-FB0F50F5050F">
<createdBy>labsfiap</createdBy>
<createdTime>2024-10-21 11:55:00 UTC</createdTime>
<generatorID>63FB7FC3-3E69-8501-FBA1-4C9242792D90</generatorID>
<ownerDesignName>CP02 Logical</ownerDesignName>
<useDomainConstraints>false</useDomainConstraints>
<use>1</use>
<logicalDatatype>LOGDT011</logicalDatatype>
<ownDataTypeParameters>,,</ownDataTypeParameters>
<autoIncrementCycle>false</autoIncrementCycle>
</Column>
<Column name="tp_incidente" id="B39F7F93-046E-6041-EECF-95365F12D1C1">
<createdBy>labsfiap</createdBy>
<createdTime>2024-10-21 11:55:00 UTC</createdTime>
<generatorID>E79B1BF0-00DC-C225-B7B5-DB784EF655A9</generatorID>
<ownerDesignName>CP02 Logical</ownerDesignName>
<useDomainConstraints>false</useDomainConstraints>
<use>1</use>
<logicalDatatype>LOGDT024</logicalDatatype>
<dataTypeSize>40</dataTypeSize>
<ownDataTypeParameters>40,,</ownDataTypeParameters>
<autoIncrementCycle>false</autoIncrementCycle>
</Column>
<Column name="obs_incidente" id="663CF763-821E-743E-B8C7-746D2FE212F2">
<createdBy>labsfiap</createdBy>
<createdTime>2024-10-21 11:55:00 UTC</createdTime>
<generatorID>86786C8C-F3E0-FEA6-7CC0-6EAAE493B05E</generatorID>
<ownerDesignName>CP02 Logical</ownerDesignName>
<nullsAllowed>true</nullsAllowed>
<useDomainConstraints>false</useDomainConstraints>
<use>1</use>
<logicalDatatype>LOGDT040</logicalDatatype>
<ownDataTypeParameters>,,</ownDataTypeParameters>
<autoIncrementCycle>false</autoIncrementCycle>
</Column>
<Column name="dt_hr_incidente" id="D0E6B1FE-81F0-1EE8-8D3B-09A8036392DC">
<createdBy>labsfiap</createdBy>
<createdTime>2024-10-21 11:55:00 UTC</createdTime>
<generatorID>BC1DACF2-9DB8-C9A3-6100-C5CDC1FCB8D1</generatorID>
<ownerDesignName>CP02 Logical</ownerDesignName>
<useDomainConstraints>false</useDomainConstraints>
<use>1</use>
<logicalDatatype>LOGDT008</logicalDatatype>
<ownDataTypeParameters>,,</ownDataTypeParameters>
<autoIncrementCycle>false</autoIncrementCycle>
</Column>
<Column name="st_incidente" id="A089578A-368F-7A85-EDFA-DA012596654F">
<createdBy>labsfiap</createdBy>
<createdTime>2024-10-21 11:55:00 UTC</createdTime>
<generatorID>22A9F679-D72D-15A8-62F3-E92FE69A5BAD</generatorID>
<ownerDesignName>CP02 Logical</ownerDesignName>
<useDomainConstraints>false</useDomainConstraints>
<use>1</use>
<logicalDatatype>LOGDT024</logicalDatatype>
<dataTypeSize>100</dataTypeSize>
<ownDataTypeParameters>100,,</ownDataTypeParameters>
<autoIncrementCycle>false</autoIncrementCycle>
</Column>
<Column name="T_CTSP_TREM_id_trem" id="CD2542A3-9971-DA77-0259-087A933BD850">
<createdBy>labsfiap</createdBy>
<createdTime>2024-10-21 11:55:00 UTC</createdTime>
<generatorID>0470162A-36EB-529B-89D2-7208EBD50F81</generatorID>
<ownerDesignName>CP02 Logical</ownerDesignName>
<useDomainConstraints>false</useDomainConstraints>
<use>1</use>
<logicalDatatype>LOGDT011</logicalDatatype>
<ownDataTypeParameters>,,</ownDataTypeParameters>
<previousColumn>false</previousColumn>
<autoIncrementCycle>false</autoIncrementCycle>
<associations>
<colAssociation fkAssociation="15332847-79B5-75C5-A2BB-7437134CEB1A" referredColumn="80D2BF50-FC02-F19D-F7E5-A63533A1FFB5"/>
</associations>
</Column>
<Column name="T_CTSP_TREM_T_CTSP_LINHA_id_linha" id="097EB166-3AD4-BE25-42CF-842532E873B3">
<createdBy>labsfiap</createdBy>
<createdTime>2024-10-21 11:55:00 UTC</createdTime>
<generatorID>9FAB6F57-D94D-90C7-59F7-EB0D0AF3CF81</generatorID>
<ownerDesignName>CP02 Logical</ownerDesignName>
<useDomainConstraints>false</useDomainConstraints>
<use>1</use>
<logicalDatatype>LOGDT011</logicalDatatype>
<ownDataTypeParameters>,,</ownDataTypeParameters>
<previousColumn>false</previousColumn>
<autoIncrementCycle>false</autoIncrementCycle>
<associations>
<colAssociation fkAssociation="15332847-79B5-75C5-A2BB-7437134CEB1A" referredColumn="68167A2D-A2E3-781B-C0D6-BC4272EDC003"/>
</associations>
</Column>
<Column name="T_CTSP_INFRAESTRUTURA_id_infraestrutura" id="A404A356-F9E2-0C66-2AA3-EBF409B502B6">
<createdBy>labsfiap</createdBy>
<createdTime>2024-10-21 11:55:00 UTC</createdTime>
<generatorID>CF10432C-F950-2943-97CD-FCCB30D315C3</generatorID>
<ownerDesignName>CP02 Logical</ownerDesignName>
<useDomainConstraints>false</useDomainConstraints>
<use>1</use>
<logicalDatatype>LOGDT011</logicalDatatype>
<ownDataTypeParameters>,,</ownDataTypeParameters>
<previousColumn>false</previousColumn>
<autoIncrementCycle>false</autoIncrementCycle>
<associations>
<colAssociation fkAssociation="E6F1ADCD-E4D8-945C-301E-59F281E85B3F" referredColumn="5546C8CC-AD2C-4034-270A-3A7B1091FE6A"/>
</associations>
</Column>
</columns>
<indexes itemClass="oracle.dbtools.crest.model.design.relational.Index">
<ind_PK_UK id="5A5F694E-3642-CF76-C49D-9A630AB3D8EB" name="T_CTSP_INCIDENTES_PK">
<createdBy>labsfiap</createdBy>
<createdTime>2024-10-21 11:55:00 UTC</createdTime>
<generatorID>6D992293-3955-19F2-F765-195EB92D9351</generatorID>
<ownerDesignName>CP02 Logical</ownerDesignName>
<pk>true</pk>
<indexState>Primary Constraint</indexState>
<isSurrogateKey>false</isSurrogateKey>
<indexColumnUsage>
<colUsage columnID="74A64DDE-23F7-52CC-6718-FB0F50F5050F"/>
</indexColumnUsage>
</ind_PK_UK>
<ind_PK_UK id="9BFE9C54-B008-63D1-2266-6C91CBD3950F" name="T_CTSP_INCIDENTES_T_CTSP_TREM_FK">
<createdBy>labsfiap</createdBy>
<createdTime>2024-10-21 11:55:00 UTC</createdTime>
<generatorID>55AD50CA-F50C-3C86-862E-B1C25D297AB8</generatorID>
<ownerDesignName>CP02 Logical</ownerDesignName>
<indexState>Foreign Key</indexState>
<isSurrogateKey>false</isSurrogateKey>
<indexColumnUsage>
<colUsage columnID="CD2542A3-9971-DA77-0259-087A933BD850"/>
<colUsage columnID="097EB166-3AD4-BE25-42CF-842532E873B3"/>
</indexColumnUsage>
</ind_PK_UK>
<ind_PK_UK id="7A012324-587D-1777-EC33-0B03576D2736" name="T_CTSP_INCIDENTES_T_CTSP_INFRAESTRUTURA_FK">
<createdBy>labsfiap</createdBy>
<createdTime>2024-10-21 11:55:00 UTC</createdTime>
<generatorID>12C7DE4A-8015-1C31-BF34-549175554FEF</generatorID>
<ownerDesignName>CP02 Logical</ownerDesignName>
<indexState>Foreign Key</indexState>
<isSurrogateKey>false</isSurrogateKey>
<indexColumnUsage>
<colUsage columnID="A404A356-F9E2-0C66-2AA3-EBF409B502B6"/>
</indexColumnUsage>
</ind_PK_UK>
</indexes>
</Table>