<?xml version = '1.0' encoding = 'UTF-8'?>
<Table class="oracle.dbtools.crest.model.design.relational.Table" directorySegmentName="seg_0" id="E430DD2E-A632-F7E3-7780-5BD239EF23D6" name="T_CTSP_MANUTENCAO">
<createdBy>labsfiap</createdBy>
<createdTime>2024-10-21 11:55:00 UTC</createdTime>
<generatorID>EDDCC688-5426-968D-FD3A-0F611B727A02</generatorID>
<ownerDesignName>CP02 Logical</ownerDesignName>
<allowColumnReorder>false</allowColumnReorder>
<existDependencyGenerateInDDl>true</existDependencyGenerateInDDl>
<parsed>true</parsed>
<columns itemClass="oracle.dbtools.crest.model.design.relational.Column">
<Column name="id_manutencoes" id="197F6C90-C73B-FBA0-CE88-D71B7DA32F0F">
<createdBy>labsfiap</createdBy>
<createdTime>2024-10-21 11:55:00 UTC</createdTime>
<generatorID>69013FCE-2A30-D3A3-CE6B-AC04F8331C43</generatorID>
<ownerDesignName>CP02 Logical</ownerDesignName>
<useDomainConstraints>false</useDomainConstraints>
<use>1</use>
<logicalDatatype>LOGDT011</logicalDatatype>
<ownDataTypeParameters>,,</ownDataTypeParameters>
<autoIncrementCycle>false</autoIncrementCycle>
</Column>
<Column name="tp_manutencao" id="A689BD69-0914-3DF0-93BE-96C4FC146E5E">
<createdBy>labsfiap</createdBy>
<createdTime>2024-10-21 11:55:00 UTC</createdTime>
<generatorID>31E0E14D-C9B2-A26F-B60E-E3AC870C5D90</generatorID>
<ownerDesignName>CP02 Logical</ownerDesignName>
<useDomainConstraints>false</useDomainConstraints>
<use>1</use>
<logicalDatatype>LOGDT024</logicalDatatype>
<dataTypeSize>60</dataTypeSize>
<ownDataTypeParameters>60,,</ownDataTypeParameters>
<autoIncrementCycle>false</autoIncrementCycle>
</Column>
<Column name="dt_hr_manutencao" id="3CD16343-F162-199F-6760-7B89111EDECF">
<createdBy>labsfiap</createdBy>
<createdTime>2024-10-21 11:55:00 UTC</createdTime>
<generatorID>4B659A37-3EC0-C032-160A-2A13540B95F1</generatorID>
<ownerDesignName>CP02 Logical</ownerDesignName>
<useDomainConstraints>false</useDomainConstraints>
<use>1</use>
<logicalDatatype>LOGDT008</logicalDatatype>
<ownDataTypeParameters>,,</ownDataTypeParameters>
<autoIncrementCycle>false</autoIncrementCycle>
</Column>
<Column name="st_manutencao" id="ADE5F916-E792-AF43-093F-EB4CD233936C">
<createdBy>labsfiap</createdBy>
<createdTime>2024-10-21 11:55:00 UTC</createdTime>
<generatorID>8D264D44-EF79-7056-1C8E-051A30D60216</generatorID>
<ownerDesignName>CP02 Logical</ownerDesignName>
<useDomainConstraints>false</useDomainConstraints>
<use>1</use>
<logicalDatatype>LOGDT024</logicalDatatype>
<dataTypeSize>100</dataTypeSize>
<ownDataTypeParameters>100,,</ownDataTypeParameters>
<autoIncrementCycle>false</autoIncrementCycle>
</Column>
<Column name="tecnico_responsavel" id="99486F11-D34A-983C-E534-DB5D325F769A">
<createdBy>labsfiap</createdBy>
<createdTime>2024-10-21 11:55:00 UTC</createdTime>
<generatorID>48EB0993-E483-AD04-7E13-FC0F47637961</generatorID>
<ownerDesignName>CP02 Logical</ownerDesignName>
<useDomainConstraints>false</useDomainConstraints>
<use>1</use>
<logicalDatatype>LOGDT024</logicalDatatype>
<dataTypeSize>40</dataTypeSize>
<ownDataTypeParameters>40,,</ownDataTypeParameters>
<autoIncrementCycle>false</autoIncrementCycle>
</Column>
<Column name="ds_manutencao" id="D19D6B1A-332E-0223-3CD6-D4ACFE0E7F76">
<createdBy>labsfiap</createdBy>
<createdTime>2024-10-21 11:55:00 UTC</createdTime>
<generatorID>CD9FEA99-F864-6A99-59B0-3CE2079F6132</generatorID>
<ownerDesignName>CP02 Logical</ownerDesignName>
<useDomainConstraints>false</useDomainConstraints>
<use>1</use>
<logicalDatatype>LOGDT040</logicalDatatype>
<ownDataTypeParameters>,,</ownDataTypeParameters>
<autoIncrementCycle>false</autoIncrementCycle>
</Column>
<Column name="T_CTSP_INCIDENTES_id_incidentes" id="AF6C541D-F401-27A7-F45A-4CD41C1B68AA">
<createdBy>labsfiap</createdBy>
<createdTime>2024-10-21 11:55:00 UTC</createdTime>
<generatorID>5ECB13A0-4ED4-C891-2723-97A5461078CD</generatorID>
<ownerDesignName>CP02 Logical</ownerDesignName>
<useDomainConstraints>false</useDomainConstraints>
<use>1</use>
<logicalDatatype>LOGDT011</logicalDatatype>
<ownDataTypeParameters>,,</ownDataTypeParameters>
<previousColumn>false</previousColumn>
<autoIncrementCycle>false</autoIncrementCycle>
<associations>
<colAssociation fkAssociation="B98B640D-A73C-2054-EC9E-6CD4516DA50F" referredColumn="74A64DDE-23F7-52CC-6718-FB0F50F5050F"/>
</associations>
</Column>
</columns>
<indexes itemClass="oracle.dbtools.crest.model.design.relational.Index">
<ind_PK_UK id="47348AF3-CD9B-B921-8B71-6FE82F879403" name="T_CTSP_MANUTENCAO_PK">
<createdBy>labsfiap</createdBy>
<createdTime>2024-10-21 11:55:00 UTC</createdTime>
<generatorID>263AFCC1-013D-9008-5D1C-ECA16E5D46DA</generatorID>
<ownerDesignName>CP02 Logical</ownerDesignName>
<pk>true</pk>
<indexState>Primary Constraint</indexState>
<isSurrogateKey>false</isSurrogateKey>
<indexColumnUsage>
<colUsage columnID="197F6C90-C73B-FBA0-CE88-D71B7DA32F0F"/>
</indexColumnUsage>
</ind_PK_UK>
<ind_PK_UK id="4669D123-965A-8BE1-1082-A4A586AE3278" name="T_CTSP_MANUTENCAO_T_CTSP_INCIDENTES_FK">
<createdBy>labsfiap</createdBy>
<createdTime>2024-10-21 11:55:00 UTC</createdTime>
<generatorID>9B881BF2-6BB8-D114-1566-66A7AA5741D3</generatorID>
<ownerDesignName>CP02 Logical</ownerDesignName>
<indexState>Foreign Key</indexState>
<isSurrogateKey>false</isSurrogateKey>
<indexColumnUsage>
<colUsage columnID="AF6C541D-F401-27A7-F45A-4CD41C1B68AA"/>
</indexColumnUsage>
</ind_PK_UK>
</indexes>
</Table>