<?xml version = '1.0' encoding = 'UTF-8'?>
<Table class="oracle.dbtools.crest.model.design.relational.Table" directorySegmentName="seg_0" id="03064BAD-4A07-AF54-8D05-F983CA06BEDC" name="T_FIAP_ALUNO">
<createdBy>labsfiap</createdBy>
<createdTime>2024-10-14 11:57:01 UTC</createdTime>
<generatorID>90E2DD2B-20E1-ADE4-FF8B-B62859866327</generatorID>
<ownerDesignName>aula05</ownerDesignName>
<allowColumnReorder>false</allowColumnReorder>
<existDependencyGenerateInDDl>true</existDependencyGenerateInDDl>
<parsed>true</parsed>
<columns itemClass="oracle.dbtools.crest.model.design.relational.Column">
<Column name="id_aluno" id="F3A8FD1D-E41E-568F-7A59-A995B35D37B5">
<createdBy>labsfiap</createdBy>
<createdTime>2024-10-14 11:57:01 UTC</createdTime>
<generatorID>FF171701-4881-2B34-4A5A-93C85D3A81A3</generatorID>
<ownerDesignName>aula05</ownerDesignName>
<useDomainConstraints>false</useDomainConstraints>
<use>1</use>
<logicalDatatype>LOGDT011</logicalDatatype>
<ownDataTypeParameters>,,</ownDataTypeParameters>
<autoIncrementCycle>false</autoIncrementCycle>
</Column>
<Column name="nm_aluno" id="594999EA-9979-63BE-D215-860D9B16B3DE">
<createdBy>labsfiap</createdBy>
<createdTime>2024-10-14 11:57:01 UTC</createdTime>
<generatorID>D2E0132B-41B7-79DF-7723-51572B784C10</generatorID>
<ownerDesignName>aula05</ownerDesignName>
<useDomainConstraints>false</useDomainConstraints>
<use>1</use>
<logicalDatatype>LOGDT024</logicalDatatype>
<dataTypeSize>70</dataTypeSize>
<ownDataTypeParameters>70,,</ownDataTypeParameters>
<autoIncrementCycle>false</autoIncrementCycle>
</Column>
<Column name="dt_nascimento" id="CB61DA35-091B-374E-6140-E0CB16D4AFF5">
<createdBy>labsfiap</createdBy>
<createdTime>2024-10-14 11:57:01 UTC</createdTime>
<generatorID>E7C461B6-646A-6A12-4DBA-CAA396194AB5</generatorID>
<ownerDesignName>aula05</ownerDesignName>
<useDomainConstraints>false</useDomainConstraints>
<use>1</use>
<logicalDatatype>LOGDT007</logicalDatatype>
<ownDataTypeParameters>,,</ownDataTypeParameters>
<autoIncrementCycle>false</autoIncrementCycle>
</Column>
<Column name="gr_aluno" id="4BDE47B9-70FA-3F70-F9C2-63D7C985D867">
<createdBy>labsfiap</createdBy>
<createdTime>2024-10-14 11:57:01 UTC</createdTime>
<commentInRDBMS><![CDATA[genero receberá os valores "Masculino", "Feminino" ou "Indefinido".]]></commentInRDBMS>
<generatorID>B5A6B557-1919-3BA1-BA2D-26A60CFB5EF0</generatorID>
<ownerDesignName>aula05</ownerDesignName>
<nullsAllowed>true</nullsAllowed>
<useDomainConstraints>false</useDomainConstraints>
<use>1</use>
<logicalDatatype>LOGDT024</logicalDatatype>
<dataTypeSize>10</dataTypeSize>
<ownDataTypeParameters>10,,</ownDataTypeParameters>
<autoIncrementCycle>false</autoIncrementCycle>
</Column>
<Column name="cpf_aluno" id="2BAD2EFA-F65E-78E9-6B34-B04190DC4ADB">
<createdBy>labsfiap</createdBy>
<createdTime>2024-10-14 11:57:01 UTC</createdTime>
<generatorID>4D680A3D-3200-A544-390C-D497F7CCF4AD</generatorID>
<ownerDesignName>aula05</ownerDesignName>
<useDomainConstraints>false</useDomainConstraints>
<use>1</use>
<logicalDatatype>LOGDT024</logicalDatatype>
<dataTypeSize>15</dataTypeSize>
<ownDataTypeParameters>15,,</ownDataTypeParameters>
<autoIncrementCycle>false</autoIncrementCycle>
</Column>
<Column name="T_FIAP_TURMA_id_turma" id="44B5F3A4-F1B8-5C32-2B19-E095BEB97DCC">
<createdBy>labsfiap</createdBy>
<createdTime>2024-10-14 11:57:01 UTC</createdTime>
<generatorID>90DF7CEC-AB48-7D6C-2D73-23604765D67B</generatorID>
<ownerDesignName>aula05</ownerDesignName>
<useDomainConstraints>false</useDomainConstraints>
<use>1</use>
<logicalDatatype>LOGDT011</logicalDatatype>
<ownDataTypeParameters>,,</ownDataTypeParameters>
<previousColumn>false</previousColumn>
<autoIncrementCycle>false</autoIncrementCycle>
<associations>
<colAssociation fkAssociation="B1419ABB-752C-2F2C-89C6-8510392B16AD" referredColumn="BC334FFA-8A25-3F25-C91F-DF29436B8709"/>
</associations>
</Column>
<Column name="T_FIAP_AUTENTICA_id_autentica" id="D3E9E877-56B1-0100-19E6-A6067CF76590">
<createdBy>labsfiap</createdBy>
<createdTime>2024-10-14 11:57:01 UTC</createdTime>
<generatorID>065A06F3-43AF-DED5-B039-F7433C96B357</generatorID>
<ownerDesignName>aula05</ownerDesignName>
<useDomainConstraints>false</useDomainConstraints>
<use>1</use>
<logicalDatatype>LOGDT011</logicalDatatype>
<ownDataTypeParameters>,,</ownDataTypeParameters>
<previousColumn>false</previousColumn>
<autoIncrementCycle>false</autoIncrementCycle>
<associations>
<colAssociation fkAssociation="C6DDD874-FA3B-9CE6-E7BC-EFB16150E446" referredColumn="718D626D-B666-FE45-A377-29D4E7E09AE6"/>
</associations>
</Column>
</columns>
<indexes itemClass="oracle.dbtools.crest.model.design.relational.Index">
<ind_PK_UK id="DB0C0226-DD46-EF37-8315-1F2C0B175DC7" name="T_FIAP_ALUNO_PK">
<createdBy>labsfiap</createdBy>
<createdTime>2024-10-14 11:57:01 UTC</createdTime>
<generatorID>7864C7C0-0556-11BA-5F6A-3BCA2B71A0CB</generatorID>
<ownerDesignName>aula05</ownerDesignName>
<pk>true</pk>
<indexState>Primary Constraint</indexState>
<isSurrogateKey>false</isSurrogateKey>
<indexColumnUsage>
<colUsage columnID="F3A8FD1D-E41E-568F-7A59-A995B35D37B5"/>
</indexColumnUsage>
</ind_PK_UK>
<ind_PK_UK id="044F904C-ED82-2F0F-1017-CCC26BCC7D7A" name="T_FIAP_ALUNO__IDX">
<createdBy>labsfiap</createdBy>
<createdTime>2024-10-14 11:57:01 UTC</createdTime>
<ownerDesignName>aula05</ownerDesignName>
<indexState>Unique Plain Index</indexState>
<isSurrogateKey>false</isSurrogateKey>
<relationGeneratorID>E9AB2F3F-07D4-3525-8087-911D8A776962</relationGeneratorID>
<indexColumnUsage>
<colUsage columnID="D3E9E877-56B1-0100-19E6-A6067CF76590"/>
</indexColumnUsage>
</ind_PK_UK>
<ind_PK_UK id="EC3F6A6E-AA75-1513-5860-03A156EF6278" name="T_FIAP_ALUNO_T_FIAP_AUTENTICA_FK">
<createdBy>labsfiap</createdBy>
<createdTime>2024-10-14 11:57:01 UTC</createdTime>
<generatorID>E9AB2F3F-07D4-3525-8087-911D8A776962</generatorID>
<ownerDesignName>aula05</ownerDesignName>
<indexState>Foreign Key</indexState>
<isSurrogateKey>false</isSurrogateKey>
<indexColumnUsage>
<colUsage columnID="D3E9E877-56B1-0100-19E6-A6067CF76590"/>
</indexColumnUsage>
</ind_PK_UK>
<ind_PK_UK id="9DE333F4-3E4F-CB03-8D61-569D9BFB2E10" name="T_FIAP_ALUNO_T_FIAP_TURMA_FK">
<createdBy>labsfiap</createdBy>
<createdTime>2024-10-14 11:57:01 UTC</createdTime>
<generatorID>508D6B88-B82B-7575-2FFC-46E5988843F2</generatorID>
<ownerDesignName>aula05</ownerDesignName>
<indexState>Foreign Key</indexState>
<isSurrogateKey>false</isSurrogateKey>
<indexColumnUsage>
<colUsage columnID="44B5F3A4-F1B8-5C32-2B19-E095BEB97DCC"/>
</indexColumnUsage>
</ind_PK_UK>
</indexes>
</Table>