<?xml version = '1.0' encoding = 'UTF-8'?>
<Table class="oracle.dbtools.crest.model.design.relational.Table" directorySegmentName="seg_0" id="2C608593-7D4D-4736-D7A3-D5190F594732" name="T_FIAP_AUTENTICA">
<createdBy>labsfiap</createdBy>
<createdTime>2024-10-14 11:57:01 UTC</createdTime>
<generatorID>EF00BC9C-4B24-A64D-AB9D-53F6A629EF35</generatorID>
<ownerDesignName>aula05</ownerDesignName>
<allowColumnReorder>false</allowColumnReorder>
<existDependencyGenerateInDDl>true</existDependencyGenerateInDDl>
<parsed>true</parsed>
<columns itemClass="oracle.dbtools.crest.model.design.relational.Column">
<Column name="id_autentica" id="718D626D-B666-FE45-A377-29D4E7E09AE6">
<createdBy>labsfiap</createdBy>
<createdTime>2024-10-14 11:57:01 UTC</createdTime>
<generatorID>6A71CEF5-AE41-A7FC-61D7-FD8287D05836</generatorID>
<ownerDesignName>aula05</ownerDesignName>
<useDomainConstraints>false</useDomainConstraints>
<use>1</use>
<logicalDatatype>LOGDT011</logicalDatatype>
<ownDataTypeParameters>,,</ownDataTypeParameters>
<autoIncrementCycle>false</autoIncrementCycle>
</Column>
<Column name="login" id="1A08A37C-514A-9FAD-E356-698ECFCB7AE2">
<createdBy>labsfiap</createdBy>
<createdTime>2024-10-14 11:57:01 UTC</createdTime>
<generatorID>193884FD-7366-24E2-D6BE-BCDE6ECC5CD6</generatorID>
<ownerDesignName>aula05</ownerDesignName>
<nullsAllowed>true</nullsAllowed>
<useDomainConstraints>false</useDomainConstraints>
<use>1</use>
<logicalDatatype>LOGDT024</logicalDatatype>
<dataTypeSize>40</dataTypeSize>
<ownDataTypeParameters>40,,</ownDataTypeParameters>
<autoIncrementCycle>false</autoIncrementCycle>
</Column>
<Column name="senha" id="AF2EBD45-73BE-2402-369D-C14A3B3251F3">
<createdBy>labsfiap</createdBy>
<createdTime>2024-10-14 11:57:01 UTC</createdTime>
<generatorID>66C9E459-C750-5554-F772-692B331C51A1</generatorID>
<ownerDesignName>aula05</ownerDesignName>
<useDomainConstraints>false</useDomainConstraints>
<use>1</use>
<logicalDatatype>LOGDT024</logicalDatatype>
<dataTypeSize>40</dataTypeSize>
<ownDataTypeParameters>40,,</ownDataTypeParameters>
<autoIncrementCycle>false</autoIncrementCycle>
</Column>
</columns>
<indexes itemClass="oracle.dbtools.crest.model.design.relational.Index">
<ind_PK_UK id="A4D41042-FC43-A320-3A50-7247DE239880" name="T_FIAP_AUTENTICA_PK">
<createdBy>labsfiap</createdBy>
<createdTime>2024-10-14 11:57:01 UTC</createdTime>
<generatorID>0C59F130-8EA3-9971-8496-243B93754705</generatorID>
<ownerDesignName>aula05</ownerDesignName>
<pk>true</pk>
<indexState>Primary Constraint</indexState>
<isSurrogateKey>false</isSurrogateKey>
<indexColumnUsage>
<colUsage columnID="718D626D-B666-FE45-A377-29D4E7E09AE6"/>
</indexColumnUsage>
</ind_PK_UK>
</indexes>
</Table>