<?xml version = '1.0' encoding = 'UTF-8'?>
<Table class="oracle.dbtools.crest.model.design.relational.Table" directorySegmentName="seg_0" id="30542DC0-434E-5F70-5DB7-0D5A71A18AFE" name="T_FIAP_TURMA">
<createdBy>labsfiap</createdBy>
<createdTime>2024-10-14 11:57:01 UTC</createdTime>
<generatorID>7D10B94F-D3EB-5A8E-6638-596D0A5F99E1</generatorID>
<ownerDesignName>aula05</ownerDesignName>
<allowColumnReorder>false</allowColumnReorder>
<existDependencyGenerateInDDl>true</existDependencyGenerateInDDl>
<parsed>true</parsed>
<columns itemClass="oracle.dbtools.crest.model.design.relational.Column">
<Column name="id_turma" id="BC334FFA-8A25-3F25-C91F-DF29436B8709">
<createdBy>labsfiap</createdBy>
<createdTime>2024-10-14 11:57:01 UTC</createdTime>
<generatorID>CF96FD6F-BB8A-BDCE-384B-62774C5236C6</generatorID>
<ownerDesignName>aula05</ownerDesignName>
<useDomainConstraints>false</useDomainConstraints>
<use>1</use>
<logicalDatatype>LOGDT011</logicalDatatype>
<ownDataTypeParameters>,,</ownDataTypeParameters>
<autoIncrementCycle>false</autoIncrementCycle>
</Column>
<Column name="nm_turma" id="4053A5D5-90A2-1770-5AC2-464E4BF55DB3">
<createdBy>labsfiap</createdBy>
<createdTime>2024-10-14 11:57:01 UTC</createdTime>
<generatorID>F69D68CA-2726-7B68-07F9-862E8AEA8A21</generatorID>
<ownerDesignName>aula05</ownerDesignName>
<useDomainConstraints>false</useDomainConstraints>
<use>1</use>
<logicalDatatype>LOGDT024</logicalDatatype>
<dataTypeSize>10</dataTypeSize>
<ownDataTypeParameters>10,,</ownDataTypeParameters>
<autoIncrementCycle>false</autoIncrementCycle>
</Column>
<Column name="sala" id="7E51314C-5CF5-1451-9AA4-4E154F57651B">
<createdBy>labsfiap</createdBy>
<createdTime>2024-10-14 11:57:01 UTC</createdTime>
<generatorID>1C18C080-4B60-7DCD-1974-AD4DBD0680D5</generatorID>
<ownerDesignName>aula05</ownerDesignName>
<useDomainConstraints>false</useDomainConstraints>
<use>1</use>
<logicalDatatype>LOGDT024</logicalDatatype>
<dataTypeSize>5</dataTypeSize>
<ownDataTypeParameters>5,,</ownDataTypeParameters>
<autoIncrementCycle>false</autoIncrementCycle>
</Column>
<Column name="periodo" id="D846555E-A127-2D7E-5337-FC7234628432">
<createdBy>labsfiap</createdBy>
<createdTime>2024-10-14 11:57:01 UTC</createdTime>
<commentInRDBMS><![CDATA[periodo recebará os valores de "Manhã" , "Tarde" e "Noite".]]></commentInRDBMS>
<generatorID>9E69ED99-9650-406A-28D4-8126B6DB00BE</generatorID>
<ownerDesignName>aula05</ownerDesignName>
<useDomainConstraints>false</useDomainConstraints>
<use>1</use>
<logicalDatatype>LOGDT024</logicalDatatype>
<dataTypeSize>10</dataTypeSize>
<ownDataTypeParameters>10,,</ownDataTypeParameters>
<autoIncrementCycle>false</autoIncrementCycle>
</Column>
<Column name="modalidade" id="9EB5FACE-71BA-1AF8-6B4B-E6343AB86909">
<createdBy>labsfiap</createdBy>
<createdTime>2024-10-14 11:57:01 UTC</createdTime>
<commentInRDBMS><![CDATA[modalide receberá os valores "Presencial", "Híbrido" ou "Remoto".]]></commentInRDBMS>
<generatorID>50EA763B-AA73-B389-7DCF-8619AD878280</generatorID>
<ownerDesignName>aula05</ownerDesignName>
<useDomainConstraints>false</useDomainConstraints>
<use>1</use>
<logicalDatatype>LOGDT024</logicalDatatype>
<dataTypeSize>10</dataTypeSize>
<ownDataTypeParameters>10,,</ownDataTypeParameters>
<autoIncrementCycle>false</autoIncrementCycle>
</Column>
<Column name="T_FIAP_CURSO_id_curso" id="15662866-481E-D322-904C-7DA2B9918ACB">
<createdBy>labsfiap</createdBy>
<createdTime>2024-10-14 11:57:01 UTC</createdTime>
<generatorID>6D3B3333-A4A3-6EAF-206E-F49978EB1DBF</generatorID>
<ownerDesignName>aula05</ownerDesignName>
<useDomainConstraints>false</useDomainConstraints>
<use>1</use>
<logicalDatatype>LOGDT011</logicalDatatype>
<ownDataTypeParameters>,,</ownDataTypeParameters>
<previousColumn>false</previousColumn>
<autoIncrementCycle>false</autoIncrementCycle>
<associations>
<colAssociation fkAssociation="21049D49-A54A-B338-176B-78F20F9BBB5B" referredColumn="E62CC278-3140-F9E4-A2E2-CA4BAF70E225"/>
</associations>
</Column>
</columns>
<indexes itemClass="oracle.dbtools.crest.model.design.relational.Index">
<ind_PK_UK id="043EA587-3BBE-67FE-FABC-3B3AB1D0652B" name="T_FIAP_TURMA_PK">
<createdBy>labsfiap</createdBy>
<createdTime>2024-10-14 11:57:01 UTC</createdTime>
<generatorID>F56F89AC-D1B8-1362-4D9A-F25A521F3670</generatorID>
<ownerDesignName>aula05</ownerDesignName>
<pk>true</pk>
<indexState>Primary Constraint</indexState>
<isSurrogateKey>false</isSurrogateKey>
<indexColumnUsage>
<colUsage columnID="BC334FFA-8A25-3F25-C91F-DF29436B8709"/>
</indexColumnUsage>
</ind_PK_UK>
<ind_PK_UK id="12AB233B-03D1-7D07-BAE6-0D6FC250C0FE" name="T_FIAP_TURMA_T_FIAP_CURSO_FK">
<createdBy>labsfiap</createdBy>
<createdTime>2024-10-14 11:57:01 UTC</createdTime>
<generatorID>D21F8DE2-FC51-E458-CC99-2191207AF3AF</generatorID>
<ownerDesignName>aula05</ownerDesignName>
<indexState>Foreign Key</indexState>
<isSurrogateKey>false</isSurrogateKey>
<indexColumnUsage>
<colUsage columnID="15662866-481E-D322-904C-7DA2B9918ACB"/>
</indexColumnUsage>
</ind_PK_UK>
</indexes>
</Table>