<?xml version = '1.0' encoding = 'UTF-8'?>
<Table class="oracle.dbtools.crest.model.design.relational.Table" directorySegmentName="seg_0" id="7376DF7D-0E8A-74D6-1E02-A91955CAB9C3" name="T_FIAP_DISCIPLINA">
<createdBy>labsfiap</createdBy>
<createdTime>2024-10-14 11:57:01 UTC</createdTime>
<generatorID>832E7AB6-3637-AA97-B121-3F04B357FFA5</generatorID>
<ownerDesignName>aula05</ownerDesignName>
<allowColumnReorder>false</allowColumnReorder>
<existDependencyGenerateInDDl>true</existDependencyGenerateInDDl>
<parsed>true</parsed>
<columns itemClass="oracle.dbtools.crest.model.design.relational.Column">
<Column name="id_disciplina" id="AEBAC49A-DA75-3758-D60B-B9FCA69F956F">
<createdBy>labsfiap</createdBy>
<createdTime>2024-10-14 11:57:01 UTC</createdTime>
<generatorID>CA5DD97C-C951-A4D8-CEDF-D82D0727F321</generatorID>
<ownerDesignName>aula05</ownerDesignName>
<useDomainConstraints>false</useDomainConstraints>
<use>1</use>
<logicalDatatype>LOGDT011</logicalDatatype>
<ownDataTypeParameters>,,</ownDataTypeParameters>
<autoIncrementCycle>false</autoIncrementCycle>
</Column>
<Column name="nm_disciplina" id="0CF99162-3C9E-7FEE-72FD-7217098AC48E">
<createdBy>labsfiap</createdBy>
<createdTime>2024-10-14 11:57:01 UTC</createdTime>
<generatorID>4217520B-4DB3-896D-ABB0-47EF7D4231A0</generatorID>
<ownerDesignName>aula05</ownerDesignName>
<useDomainConstraints>false</useDomainConstraints>
<use>1</use>
<logicalDatatype>LOGDT024</logicalDatatype>
<dataTypeSize>80</dataTypeSize>
<ownDataTypeParameters>80,,</ownDataTypeParameters>
<autoIncrementCycle>false</autoIncrementCycle>
</Column>
<Column name="ch_disciplina" id="83D9A8A4-CA6B-F5C9-30B7-5AEB0035C8E0">
<createdBy>labsfiap</createdBy>
<createdTime>2024-10-14 11:57:01 UTC</createdTime>
<generatorID>8BF65315-F8AC-309B-8FE4-386B2D696FC4</generatorID>
<ownerDesignName>aula05</ownerDesignName>
<useDomainConstraints>false</useDomainConstraints>
<use>1</use>
<logicalDatatype>LOGDT011</logicalDatatype>
<ownDataTypeParameters>,,</ownDataTypeParameters>
<autoIncrementCycle>false</autoIncrementCycle>
</Column>
<Column name="plano_ensino" id="6525D556-763A-0BAD-528F-252BD22F77F3">
<createdBy>labsfiap</createdBy>
<createdTime>2024-10-14 11:57:01 UTC</createdTime>
<generatorID>2C74FE18-F1BB-FB68-F77E-1D557800B2F1</generatorID>
<ownerDesignName>aula05</ownerDesignName>
<useDomainConstraints>false</useDomainConstraints>
<use>1</use>
<logicalDatatype>LOGDT040</logicalDatatype>
<ownDataTypeParameters>,,</ownDataTypeParameters>
<autoIncrementCycle>false</autoIncrementCycle>
</Column>
<Column name="T_FIAP_CURSO_id_curso" id="9EBF339C-FC08-820A-712C-1485AEBDB066">
<createdBy>labsfiap</createdBy>
<createdTime>2024-10-14 11:57:01 UTC</createdTime>
<generatorID>CD05597F-3ED3-DF78-352F-2C5605E21614</generatorID>
<ownerDesignName>aula05</ownerDesignName>
<useDomainConstraints>false</useDomainConstraints>
<use>1</use>
<logicalDatatype>LOGDT011</logicalDatatype>
<ownDataTypeParameters>,,</ownDataTypeParameters>
<previousColumn>false</previousColumn>
<autoIncrementCycle>false</autoIncrementCycle>
<associations>
<colAssociation fkAssociation="E975A279-477F-11DD-6A67-0C28F8DF81D0" referredColumn="E62CC278-3140-F9E4-A2E2-CA4BAF70E225"/>
</associations>
</Column>
</columns>
<indexes itemClass="oracle.dbtools.crest.model.design.relational.Index">
<ind_PK_UK id="7CA8CFF6-E677-43BD-D2BB-44D8AE4583D2" name="T_FIAP_DISCIPLINA_PK">
<createdBy>labsfiap</createdBy>
<createdTime>2024-10-14 11:57:01 UTC</createdTime>
<generatorID>CFFF0314-24C7-B2D8-977B-E62981985E77</generatorID>
<ownerDesignName>aula05</ownerDesignName>
<pk>true</pk>
<indexState>Primary Constraint</indexState>
<isSurrogateKey>false</isSurrogateKey>
<indexColumnUsage>
<colUsage columnID="AEBAC49A-DA75-3758-D60B-B9FCA69F956F"/>
</indexColumnUsage>
</ind_PK_UK>
<ind_PK_UK id="81C4B415-B419-5B7B-2670-484EE5DE48A3" name="T_FIAP_DISCIPLINA_T_FIAP_CURSO_FK">
<createdBy>labsfiap</createdBy>
<createdTime>2024-10-14 11:57:01 UTC</createdTime>
<generatorID>9F94C516-32FB-3CD9-9F6F-04526681639A</generatorID>
<ownerDesignName>aula05</ownerDesignName>
<indexState>Foreign Key</indexState>
<isSurrogateKey>false</isSurrogateKey>
<indexColumnUsage>
<colUsage columnID="9EBF339C-FC08-820A-712C-1485AEBDB066"/>
</indexColumnUsage>
</ind_PK_UK>
</indexes>
</Table>