<?xml version = '1.0' encoding = 'UTF-8'?>
<Table class="oracle.dbtools.crest.model.design.relational.Table" directorySegmentName="seg_0" id="C06B25E5-C722-52ED-73C3-C07FFFD6E2DA" name="T_FIAP_GRADE">
<createdBy>labsfiap</createdBy>
<createdTime>2024-10-14 11:57:01 UTC</createdTime>
<generatorID>D940B2FE-E874-EC97-F661-AA9DBE5BAE38</generatorID>
<ownerDesignName>aula05</ownerDesignName>
<allowColumnReorder>false</allowColumnReorder>
<existDependencyGenerateInDDl>true</existDependencyGenerateInDDl>
<parsed>true</parsed>
<columns itemClass="oracle.dbtools.crest.model.design.relational.Column">
<Column name="id_grade" id="68566888-ACF0-285A-1E38-3DC40CDC372C">
<createdBy>labsfiap</createdBy>
<createdTime>2024-10-14 11:57:01 UTC</createdTime>
<generatorID>C391C44C-D2CF-9BC4-7104-956F27CD7170</generatorID>
<ownerDesignName>aula05</ownerDesignName>
<useDomainConstraints>false</useDomainConstraints>
<use>1</use>
<logicalDatatype>LOGDT011</logicalDatatype>
<ownDataTypeParameters>,,</ownDataTypeParameters>
<autoIncrementCycle>false</autoIncrementCycle>
</Column>
<Column name="hr_inicio" id="AC31A947-4B52-ACB3-EE16-94F2B1472307">
<createdBy>labsfiap</createdBy>
<createdTime>2024-10-14 11:57:01 UTC</createdTime>
<generatorID>9DF8D577-1D66-4D66-CBEF-25F265587A28</generatorID>
<ownerDesignName>aula05</ownerDesignName>
<useDomainConstraints>false</useDomainConstraints>
<use>1</use>
<logicalDatatype>LOGDT014</logicalDatatype>
<ownDataTypeParameters>,,</ownDataTypeParameters>
<autoIncrementCycle>false</autoIncrementCycle>
</Column>
<Column name="hr_fim" id="11FC7F5B-54B6-060E-CA7A-3CFF9F5609B1">
<createdBy>labsfiap</createdBy>
<createdTime>2024-10-14 11:57:01 UTC</createdTime>
<generatorID>2E6E2CFF-26D0-4667-49E3-C165B17D1D38</generatorID>
<ownerDesignName>aula05</ownerDesignName>
<useDomainConstraints>false</useDomainConstraints>
<use>1</use>
<logicalDatatype>LOGDT014</logicalDatatype>
<ownDataTypeParameters>,,</ownDataTypeParameters>
<autoIncrementCycle>false</autoIncrementCycle>
</Column>
<Column name="sala" id="6547B855-31F8-0CC3-2315-BA0DEF41EE98">
<createdBy>labsfiap</createdBy>
<createdTime>2024-10-14 11:57:01 UTC</createdTime>
<generatorID>2A1CD366-60E4-CC0A-8226-3DFD5890EF17</generatorID>
<ownerDesignName>aula05</ownerDesignName>
<useDomainConstraints>false</useDomainConstraints>
<use>1</use>
<logicalDatatype>LOGDT024</logicalDatatype>
<dataTypeSize>10</dataTypeSize>
<ownDataTypeParameters>10,,</ownDataTypeParameters>
<autoIncrementCycle>false</autoIncrementCycle>
</Column>
<Column name="andar" id="153739A8-922D-7320-B17A-43538A5A79F7">
<createdBy>labsfiap</createdBy>
<createdTime>2024-10-14 11:57:01 UTC</createdTime>
<generatorID>0B0A674B-E337-39DD-F7DE-4469CC2A0694</generatorID>
<ownerDesignName>aula05</ownerDesignName>
<useDomainConstraints>false</useDomainConstraints>
<use>1</use>
<logicalDatatype>LOGDT024</logicalDatatype>
<dataTypeSize>5</dataTypeSize>
<ownDataTypeParameters>5,,</ownDataTypeParameters>
<autoIncrementCycle>false</autoIncrementCycle>
</Column>
<Column name="T_FIAP_DISCIPLINA_id_disciplina" id="5817D5E5-0E5F-E1AB-C397-743FE4174033">
<createdBy>labsfiap</createdBy>
<createdTime>2024-10-14 11:57:01 UTC</createdTime>
<generatorID>78E0C7A0-DA61-39C4-7CB9-DDDEFFB33333</generatorID>
<ownerDesignName>aula05</ownerDesignName>
<useDomainConstraints>false</useDomainConstraints>
<use>1</use>
<logicalDatatype>LOGDT011</logicalDatatype>
<ownDataTypeParameters>,,</ownDataTypeParameters>
<previousColumn>false</previousColumn>
<autoIncrementCycle>false</autoIncrementCycle>
<associations>
<colAssociation fkAssociation="8D22E279-0D92-B0D1-3867-E4B4BE3F94F1" referredColumn="AEBAC49A-DA75-3758-D60B-B9FCA69F956F"/>
</associations>
</Column>
<Column name="T_FIAP_TURMA_id_turma" id="8B70868D-E03F-7E87-1D20-AE9C16FB52E7">
<createdBy>labsfiap</createdBy>
<createdTime>2024-10-14 11:57:01 UTC</createdTime>
<generatorID>81597242-C0C0-6CFE-6AEB-796CB82D9B73</generatorID>
<ownerDesignName>aula05</ownerDesignName>
<useDomainConstraints>false</useDomainConstraints>
<use>1</use>
<logicalDatatype>LOGDT011</logicalDatatype>
<ownDataTypeParameters>,,</ownDataTypeParameters>
<previousColumn>false</previousColumn>
<autoIncrementCycle>false</autoIncrementCycle>
<associations>
<colAssociation fkAssociation="0AB815E0-7E0C-1AFA-7F4C-C5C107B877C0" referredColumn="BC334FFA-8A25-3F25-C91F-DF29436B8709"/>
</associations>
</Column>
<Column name="T_FIAP_PROFESSOR_id_professor" id="498B5CC9-34DB-F9C2-4696-6009E46D0A67">
<createdBy>labsfiap</createdBy>
<createdTime>2024-10-14 11:57:01 UTC</createdTime>
<generatorID>3D86EBEC-97B7-D84B-E053-A431466A9117</generatorID>
<ownerDesignName>aula05</ownerDesignName>
<useDomainConstraints>false</useDomainConstraints>
<use>1</use>
<logicalDatatype>LOGDT011</logicalDatatype>
<ownDataTypeParameters>,,</ownDataTypeParameters>
<previousColumn>false</previousColumn>
<autoIncrementCycle>false</autoIncrementCycle>
<associations>
<colAssociation fkAssociation="3A86B5AC-233D-7F6A-EEAE-A2DA29E99C02" referredColumn="8564B5A5-E6C7-2E42-796D-D969DAC685A4"/>
</associations>
</Column>
</columns>
<indexes itemClass="oracle.dbtools.crest.model.design.relational.Index">
<ind_PK_UK id="474DAE3C-40A2-F3EE-D031-7982BC78E1A6" name="T_FIAP_GRADE_PK">
<createdBy>labsfiap</createdBy>
<createdTime>2024-10-14 11:57:01 UTC</createdTime>
<generatorID>DD67B097-EDC5-7CE6-48E2-8F3E9CA4308D</generatorID>
<ownerDesignName>aula05</ownerDesignName>
<pk>true</pk>
<indexState>Primary Constraint</indexState>
<isSurrogateKey>false</isSurrogateKey>
</ind_PK_UK>
<ind_PK_UK id="C9887826-E7E1-2E61-14EC-D07C15E1054D" name="T_FIAP_GRADE_T_FIAP_DISCIPLINA_FK">
<createdBy>labsfiap</createdBy>
<createdTime>2024-10-14 11:57:01 UTC</createdTime>
<generatorID>0BD82170-DDBF-8581-519E-B1F93B51765D</generatorID>
<ownerDesignName>aula05</ownerDesignName>
<indexState>Foreign Key</indexState>
<isSurrogateKey>false</isSurrogateKey>
<indexColumnUsage>
<colUsage columnID="5817D5E5-0E5F-E1AB-C397-743FE4174033"/>
</indexColumnUsage>
</ind_PK_UK>
<ind_PK_UK id="5D14432C-A5CE-2007-0DE2-84268CED7148" name="T_FIAP_GRADE_T_FIAP_TURMA_FK">
<createdBy>labsfiap</createdBy>
<createdTime>2024-10-14 11:57:01 UTC</createdTime>
<generatorID>65E092C6-4D60-1BBF-AAE2-33B3C2B3BE0A</generatorID>
<ownerDesignName>aula05</ownerDesignName>
<indexState>Foreign Key</indexState>
<isSurrogateKey>false</isSurrogateKey>
<indexColumnUsage>
<colUsage columnID="8B70868D-E03F-7E87-1D20-AE9C16FB52E7"/>
</indexColumnUsage>
</ind_PK_UK>
<ind_PK_UK id="20D7B6A9-B59E-7527-4BF2-FE89ED83940B" name="T_FIAP_GRADE_T_FIAP_PROFESSOR_FK">
<createdBy>labsfiap</createdBy>
<createdTime>2024-10-14 11:57:01 UTC</createdTime>
<generatorID>40C9142E-87EF-3EFA-E6D1-EDFD751CAB91</generatorID>
<ownerDesignName>aula05</ownerDesignName>
<indexState>Foreign Key</indexState>
<isSurrogateKey>false</isSurrogateKey>
<indexColumnUsage>
<colUsage columnID="498B5CC9-34DB-F9C2-4696-6009E46D0A67"/>
</indexColumnUsage>
</ind_PK_UK>
</indexes>
</Table>