<?xml version = '1.0' encoding = 'UTF-8'?>
<Table class="oracle.dbtools.crest.model.design.relational.Table" directorySegmentName="seg_0" id="E66574F0-E715-CD4D-104C-F3C8D9FC2A19" name="T_FIAP_PROFESSOR">
<createdBy>labsfiap</createdBy>
<createdTime>2024-10-14 11:57:01 UTC</createdTime>
<generatorID>34F903B8-4A25-ABD8-C42B-C881B010994A</generatorID>
<ownerDesignName>aula05</ownerDesignName>
<allowColumnReorder>false</allowColumnReorder>
<existDependencyGenerateInDDl>true</existDependencyGenerateInDDl>
<parsed>true</parsed>
<columns itemClass="oracle.dbtools.crest.model.design.relational.Column">
<Column name="id_professor" id="8564B5A5-E6C7-2E42-796D-D969DAC685A4">
<createdBy>labsfiap</createdBy>
<createdTime>2024-10-14 11:57:01 UTC</createdTime>
<generatorID>2A9D10A8-A1D0-75F8-4289-47A286175E83</generatorID>
<ownerDesignName>aula05</ownerDesignName>
<useDomainConstraints>false</useDomainConstraints>
<use>1</use>
<logicalDatatype>LOGDT011</logicalDatatype>
<ownDataTypeParameters>,,</ownDataTypeParameters>
<autoIncrementCycle>false</autoIncrementCycle>
</Column>
<Column name="nm_professor" id="068DAF5D-4443-F838-E33A-202AF39D80BB">
<createdBy>labsfiap</createdBy>
<createdTime>2024-10-14 11:57:01 UTC</createdTime>
<generatorID>E14F40F1-BCB1-340B-0749-F8C516FF6BC4</generatorID>
<ownerDesignName>aula05</ownerDesignName>
<useDomainConstraints>false</useDomainConstraints>
<use>1</use>
<logicalDatatype>LOGDT024</logicalDatatype>
<dataTypeSize>70</dataTypeSize>
<ownDataTypeParameters>70,,</ownDataTypeParameters>
<autoIncrementCycle>false</autoIncrementCycle>
</Column>
<Column name="dt_nascimento" id="16CE183D-DFDD-12E6-F4BB-AB43541CBE05">
<createdBy>labsfiap</createdBy>
<createdTime>2024-10-14 11:57:01 UTC</createdTime>
<generatorID>6F4663F7-7A81-9CB5-087F-FA0BA07B0AE2</generatorID>
<ownerDesignName>aula05</ownerDesignName>
<useDomainConstraints>false</useDomainConstraints>
<use>1</use>
<logicalDatatype>LOGDT007</logicalDatatype>
<ownDataTypeParameters>,,</ownDataTypeParameters>
<autoIncrementCycle>false</autoIncrementCycle>
</Column>
<Column name="gr_professor" id="A6D13D62-E55D-E48B-500B-B1BC3363B4C3">
<createdBy>labsfiap</createdBy>
<createdTime>2024-10-14 11:57:01 UTC</createdTime>
<generatorID>7F863F1A-30DE-8C05-1185-22721CB9E047</generatorID>
<ownerDesignName>aula05</ownerDesignName>
<useDomainConstraints>false</useDomainConstraints>
<use>1</use>
<logicalDatatype>LOGDT024</logicalDatatype>
<dataTypeSize>10</dataTypeSize>
<ownDataTypeParameters>10,,</ownDataTypeParameters>
<autoIncrementCycle>false</autoIncrementCycle>
</Column>
<Column name="cpf" id="C8379C30-2E6A-95FF-6666-30D3CEFF1DBA">
<createdBy>labsfiap</createdBy>
<createdTime>2024-10-14 11:57:01 UTC</createdTime>
<generatorID>B80DF516-FFFA-4CD2-2204-FACC0270AF16</generatorID>
<ownerDesignName>aula05</ownerDesignName>
<useDomainConstraints>false</useDomainConstraints>
<use>1</use>
<logicalDatatype>LOGDT024</logicalDatatype>
<ownDataTypeParameters>,,</ownDataTypeParameters>
<autoIncrementCycle>false</autoIncrementCycle>
</Column>
<Column name="T_FIAP_AUTENTICA_id_autentica" id="88C07834-417F-C060-C4EA-B2D19A7F0A46">
<createdBy>labsfiap</createdBy>
<createdTime>2024-10-14 11:57:01 UTC</createdTime>
<generatorID>803BB3FD-AD3E-6ACC-374C-96BBB0818102</generatorID>
<ownerDesignName>aula05</ownerDesignName>
<useDomainConstraints>false</useDomainConstraints>
<use>1</use>
<logicalDatatype>LOGDT011</logicalDatatype>
<ownDataTypeParameters>,,</ownDataTypeParameters>
<previousColumn>false</previousColumn>
<autoIncrementCycle>false</autoIncrementCycle>
<associations>
<colAssociation fkAssociation="4AC27004-237F-94C6-EDA9-78C02D45FC1B" referredColumn="718D626D-B666-FE45-A377-29D4E7E09AE6"/>
</associations>
</Column>
</columns>
<indexes itemClass="oracle.dbtools.crest.model.design.relational.Index">
<ind_PK_UK id="8AA1006D-43EB-B093-8FAB-67D0C2ED6AEF" name="T_FIAP_PROFESSOR_PK">
<createdBy>labsfiap</createdBy>
<createdTime>2024-10-14 11:57:01 UTC</createdTime>
<generatorID>D1FA05DA-ED25-8756-42D3-41A4747683D1</generatorID>
<ownerDesignName>aula05</ownerDesignName>
<pk>true</pk>
<indexState>Primary Constraint</indexState>
<isSurrogateKey>false</isSurrogateKey>
<indexColumnUsage>
<colUsage columnID="8564B5A5-E6C7-2E42-796D-D969DAC685A4"/>
</indexColumnUsage>
</ind_PK_UK>
<ind_PK_UK id="98E5241E-17E4-0490-B650-44CBAE55E3A1" name="T_FIAP_PROFESSOR__IDX">
<createdBy>labsfiap</createdBy>
<createdTime>2024-10-14 11:57:01 UTC</createdTime>
<ownerDesignName>aula05</ownerDesignName>
<indexState>Unique Plain Index</indexState>
<isSurrogateKey>false</isSurrogateKey>
<relationGeneratorID>24962BDB-FD44-CAF3-C7B0-05939B0EA85E</relationGeneratorID>
<indexColumnUsage>
<colUsage columnID="88C07834-417F-C060-C4EA-B2D19A7F0A46"/>
</indexColumnUsage>
</ind_PK_UK>
<ind_PK_UK id="8E9ABBD7-9999-1310-D240-CBE9E326B43E" name="T_FIAP_PROFESSOR_T_FIAP_AUTENTICA_FK">
<createdBy>labsfiap</createdBy>
<createdTime>2024-10-14 11:57:01 UTC</createdTime>
<generatorID>24962BDB-FD44-CAF3-C7B0-05939B0EA85E</generatorID>
<ownerDesignName>aula05</ownerDesignName>
<indexState>Foreign Key</indexState>
<isSurrogateKey>false</isSurrogateKey>
<indexColumnUsage>
<colUsage columnID="88C07834-417F-C060-C4EA-B2D19A7F0A46"/>
</indexColumnUsage>
</ind_PK_UK>
</indexes>
</Table>