<?xml version = '1.0' encoding = 'UTF-8'?>
<Diagram class="oracle.dbtools.crest.swingui.logical.DPVLogical" name="Logical" id="EDF095EE-8929-19A7-CEF6-2DEF620CCFEE">
<createdBy>labsfiap</createdBy>
<modifiedBy>labsfiap</modifiedBy>
<createdTime>2024-10-21 11:12:58 UTC</createdTime>
<autoRoute>false</autoRoute>
<boxInbox>true</boxInbox>
<showLegend>false</showLegend>
<showLabels>false</showLabels>
<showRelAttributes>false</showRelAttributes>
<gridEnabled>false</gridEnabled>
<showGrid>false</showGrid>
<diagramColor>-1</diagramColor>
<display>false</display>
<notation>1</notation>
<objectViews>
<OView class="oracle.dbtools.crest.swingui.logical.TVEntity" oid="0A336BE8-069C-98C0-63F1-7407112B1CE5" otype="Entity" vid="E1579AF1-5421-6CB4-61C4-E1AFD091BFC8">
<hideElementsInCurrentOnly>false</hideElementsInCurrentOnly>
<bounds x="869" y="27" width="170" height="110"/>
</OView>
<OView class="oracle.dbtools.crest.swingui.logical.TVEntity" oid="1FB1D3C5-3FDD-745F-07F0-83E39C995F58" otype="Entity" vid="9FD73A14-A6D9-8955-86A1-B169F02DC5AA">
<hideElementsInCurrentOnly>false</hideElementsInCurrentOnly>
<bounds x="506" y="389" width="170" height="110"/>
</OView>
<OView class="oracle.dbtools.crest.swingui.logical.TVEntity" oid="31BE9616-9D3B-8424-96ED-C1540EF73509" otype="Entity" vid="68720A05-4F2A-55D5-0EDC-31F1EF879E05">
<hideElementsInCurrentOnly>false</hideElementsInCurrentOnly>
<bounds x="403" y="29" width="170" height="110"/>
</OView>
<OView class="oracle.dbtools.crest.swingui.logical.TVEntity" oid="667543EA-5623-C4FC-7A3D-9D5425A3794A" otype="Entity" vid="0266E804-D263-E15E-C1B4-828C7645FD78">
<hideElementsInCurrentOnly>false</hideElementsInCurrentOnly>
<bounds x="1139" y="460" width="170" height="110"/>
</OView>
<OView class="oracle.dbtools.crest.swingui.logical.TVEntity" oid="6951EE75-1D65-F0AB-EFFF-D7BCBD7A6FC1" otype="Entity" vid="8386D24D-0DE1-D252-720F-9030CD662740">
<hideElementsInCurrentOnly>false</hideElementsInCurrentOnly>
<bounds x="102" y="354" width="170" height="110"/>
</OView>
<OView class="oracle.dbtools.crest.swingui.logical.TVEntity" oid="843EF2D9-A04B-4DC6-8B8A-00B714C50862" otype="Entity" vid="2FF8ABC5-514B-FFA8-4D15-2863996D493B">
<hideElementsInCurrentOnly>false</hideElementsInCurrentOnly>
<bounds x="100" y="518" width="170" height="110"/>
</OView>
<OView class="oracle.dbtools.crest.swingui.logical.TVEntity" oid="AE0636AF-CEB0-AEE7-95A4-D80D6A6A078F" otype="Entity" vid="F1B0F530-2063-6646-88DF-4D2D3820F393">
<hideElementsInCurrentOnly>false</hideElementsInCurrentOnly>
<bounds x="733" y="224" width="170" height="110"/>
</OView>
<OView class="oracle.dbtools.crest.swingui.logical.TVEntity" oid="B24572B8-CA42-A1F5-42CF-ECCBBA4E1258" otype="Entity" vid="C35007F7-90DC-8457-E497-75CA4D760676">
<hideElementsInCurrentOnly>false</hideElementsInCurrentOnly>
<bounds x="1120" y="213" width="170" height="110"/>
</OView>
<OView class="oracle.dbtools.crest.swingui.logical.TVEntity" oid="EDDCC688-5426-968D-FD3A-0F611B727A02" otype="Entity" vid="21718E37-E811-52DF-5231-92A460D67C93">
<hideElementsInCurrentOnly>false</hideElementsInCurrentOnly>
<bounds x="505" y="532" width="170" height="110"/>
</OView>
<OView class="oracle.dbtools.crest.swingui.logical.TVEntity" oid="F08B8E3B-7B0F-272B-9060-89726CF3412C" otype="Entity" vid="8AE42A83-ACD4-5985-DC83-687A6A626B0A">
<hideElementsInCurrentOnly>false</hideElementsInCurrentOnly>
<bounds x="108" y="189" width="170" height="110"/>
</OView>
<OView class="oracle.dbtools.crest.swingui.logical.TVEntity" oid="FEC4FE0C-A4A9-9C9F-0C12-B06A3D20C8D9" otype="Entity" vid="E6CC81D2-3E83-01F9-C3CD-FEDD2DFEC88F">
<hideElementsInCurrentOnly>false</hideElementsInCurrentOnly>
<bounds x="394" y="220" width="170" height="110"/>
</OView>
</objectViews>
<connectors>
<Connector class="oracle.dbtools.crest.swingui.logical.TVRelation" oid="12C7DE4A-8015-1C31-BF34-549175554FEF" otype="Relation" vid_source="F1B0F530-2063-6646-88DF-4D2D3820F393" vid_target="9FD73A14-A6D9-8955-86A1-B169F02DC5AA">
<hideElementsInCurrentOnly>false</hideElementsInCurrentOnly>
<backgroundColor>-16777216</backgroundColor>
<lineWidth>1</lineWidth>
<points>
<point x="742" y="334"/>
<point x="651" y="389"/>
</points>
</Connector>
<Connector class="oracle.dbtools.crest.swingui.logical.TVRelation" oid="1B9BDF2F-F3AD-211C-15FF-FD111217015E" otype="Relation" vid_source="8AE42A83-ACD4-5985-DC83-687A6A626B0A" vid_target="8386D24D-0DE1-D252-720F-9030CD662740">
<hideElementsInCurrentOnly>false</hideElementsInCurrentOnly>
<backgroundColor>-16777216</backgroundColor>
<lineWidth>1</lineWidth>
<points>
<point x="190" y="299"/>
<point x="190" y="354"/>
</points>
</Connector>
<Connector class="oracle.dbtools.crest.swingui.logical.TVRelation" oid="27C80511-0B9A-E1A2-C2D1-518061A84664" otype="Relation" vid_source="68720A05-4F2A-55D5-0EDC-31F1EF879E05" vid_target="F1B0F530-2063-6646-88DF-4D2D3820F393">
<hideElementsInCurrentOnly>false</hideElementsInCurrentOnly>
<backgroundColor>-16777216</backgroundColor>
<lineWidth>1</lineWidth>
<points>
<point x="573" y="134"/>
<point x="733" y="228"/>
</points>
</Connector>
<Connector class="oracle.dbtools.crest.swingui.logical.TVRelation" oid="2E257E84-AD55-210C-CAB6-B8F4D80D112D" otype="Relation" vid_source="68720A05-4F2A-55D5-0EDC-31F1EF879E05" vid_target="E6CC81D2-3E83-01F9-C3CD-FEDD2DFEC88F">
<hideElementsInCurrentOnly>false</hideElementsInCurrentOnly>
<backgroundColor>-16777216</backgroundColor>
<lineWidth>1</lineWidth>
<points>
<point x="498" y="139"/>
<point x="498" y="220"/>
</points>
</Connector>
<Connector class="oracle.dbtools.crest.swingui.logical.TVRelation" oid="48B6DAA1-60C5-5961-343E-4BF545D9CF7E" otype="Relation" vid_source="68720A05-4F2A-55D5-0EDC-31F1EF879E05" vid_target="E1579AF1-5421-6CB4-61C4-E1AFD091BFC8">
<hideElementsInCurrentOnly>false</hideElementsInCurrentOnly>
<backgroundColor>-16777216</backgroundColor>
<lineWidth>1</lineWidth>
<points>
<point x="573" y="83"/>
<point x="869" y="83"/>
</points>
</Connector>
<Connector class="oracle.dbtools.crest.swingui.logical.TVRelation" oid="51F04595-A1DA-CEE3-2E61-A9D55B36DCF2" otype="Relation" vid_source="68720A05-4F2A-55D5-0EDC-31F1EF879E05" vid_target="8AE42A83-ACD4-5985-DC83-687A6A626B0A">
<hideElementsInCurrentOnly>false</hideElementsInCurrentOnly>
<backgroundColor>-16777216</backgroundColor>
<lineWidth>1</lineWidth>
<points>
<point x="403" y="130"/>
<point x="248" y="189"/>
</points>
</Connector>
<Connector class="oracle.dbtools.crest.swingui.logical.TVRelation" oid="55AD50CA-F50C-3C86-862E-B1C25D297AB8" otype="Relation" vid_source="8AE42A83-ACD4-5985-DC83-687A6A626B0A" vid_target="9FD73A14-A6D9-8955-86A1-B169F02DC5AA">
<hideElementsInCurrentOnly>false</hideElementsInCurrentOnly>
<backgroundColor>-16777216</backgroundColor>
<lineWidth>1</lineWidth>
<points>
<point x="278" y="286"/>
<point x="521" y="389"/>
</points>
</Connector>
<Connector class="oracle.dbtools.crest.swingui.logical.TVRelation" oid="7D9EAE11-EDBC-0778-4459-619B518DFE56" otype="Relation" vid_source="68720A05-4F2A-55D5-0EDC-31F1EF879E05" vid_target="C35007F7-90DC-8457-E497-75CA4D760676">
<hideElementsInCurrentOnly>false</hideElementsInCurrentOnly>
<backgroundColor>-16777216</backgroundColor>
<lineWidth>1</lineWidth>
<points>
<point x="573" y="105"/>
<point x="1120" y="246"/>
</points>
</Connector>
<Connector class="oracle.dbtools.crest.swingui.logical.TVRelation" oid="7E856F90-775D-FA6A-D201-C5CE2CFA52BE" otype="Relation" vid_source="C35007F7-90DC-8457-E497-75CA4D760676" vid_target="0266E804-D263-E15E-C1B4-828C7645FD78">
<hideElementsInCurrentOnly>false</hideElementsInCurrentOnly>
<backgroundColor>-16777216</backgroundColor>
<lineWidth>1</lineWidth>
<points>
<point x="1214" y="323"/>
<point x="1214" y="460"/>
</points>
</Connector>
<Connector class="oracle.dbtools.crest.swingui.logical.TVRelation" oid="9B881BF2-6BB8-D114-1566-66A7AA5741D3" otype="Relation" vid_source="9FD73A14-A6D9-8955-86A1-B169F02DC5AA" vid_target="21718E37-E811-52DF-5231-92A460D67C93">
<hideElementsInCurrentOnly>false</hideElementsInCurrentOnly>
<backgroundColor>-16777216</backgroundColor>
<lineWidth>1</lineWidth>
<points>
<point x="605" y="499"/>
<point x="605" y="532"/>
</points>
</Connector>
<Connector class="oracle.dbtools.crest.swingui.logical.TVRelation" oid="9DAE72A8-0BD8-6230-971D-A929D8F1388D" otype="Relation" vid_source="8AE42A83-ACD4-5985-DC83-687A6A626B0A" vid_target="E6CC81D2-3E83-01F9-C3CD-FEDD2DFEC88F">
<hideElementsInCurrentOnly>false</hideElementsInCurrentOnly>
<backgroundColor>-16777216</backgroundColor>
<lineWidth>1</lineWidth>
<points>
<point x="278" y="259"/>
<point x="394" y="259"/>
</points>
</Connector>
<Connector class="oracle.dbtools.crest.swingui.logical.TVRelation" oid="DE583F80-D004-F075-5E3F-399554C4A175" otype="Relation" vid_source="8386D24D-0DE1-D252-720F-9030CD662740" vid_target="2FF8ABC5-514B-FFA8-4D15-2863996D493B">
<hideElementsInCurrentOnly>false</hideElementsInCurrentOnly>
<backgroundColor>-16777216</backgroundColor>
<lineWidth>1</lineWidth>
<points>
<point x="186" y="464"/>
<point x="186" y="518"/>
</points>
</Connector>
</connectors>
</Diagram>