<?xml version = '1.0' encoding = 'UTF-8'?>
<Entity class="oracle.dbtools.crest.model.design.logical.Entity" directorySegmentName="seg_0" id="34F903B8-4A25-ABD8-C42B-C881B010994A" name="T_FIAP_PROFESSOR">
<createdBy>labsfiap</createdBy>
<createdTime>2024-09-23 11:05:43 UTC</createdTime>
<ownerDesignName>aula05</ownerDesignName>
<engineerTo>
<item key="2D994BA4-12F2-A340-D6D4-E42953A003F0" value="true"/>
</engineerTo>
<adequatelyNormalized>NO</adequatelyNormalized>
<expectedVolumes>0</expectedVolumes>
<fwdEngineeringStrategyName>Single Table</fwdEngineeringStrategyName>
<growthPercent>0</growthPercent>
<growthType>Year</growthType>
<maxVolumes>9999999</maxVolumes>
<minVolumes>0</minVolumes>
<normalForm>Third</normalForm>
<attributes itemClass="oracle.dbtools.crest.model.design.logical.Attribute">
<Attribute name="id_professor" id="2A9D10A8-A1D0-75F8-4289-47A286175E83">
<createdBy>labsfiap</createdBy>
<createdTime>2024-09-23 11:16:59 UTC</createdTime>
<ownerDesignName>aula05</ownerDesignName>
<engineerTo>
<item key="2D994BA4-12F2-A340-D6D4-E42953A003F0" value="true"/>
</engineerTo>
<useDomainConstraints>false</useDomainConstraints>
<use>1</use>
<logicalDatatype>LOGDT011</logicalDatatype>
<ownDataTypeParameters>,,</ownDataTypeParameters>
</Attribute>
<Attribute name="nm_professor" id="E14F40F1-BCB1-340B-0749-F8C516FF6BC4">
<createdBy>labsfiap</createdBy>
<createdTime>2024-09-23 11:17:05 UTC</createdTime>
<ownerDesignName>aula05</ownerDesignName>
<engineerTo>
<item key="2D994BA4-12F2-A340-D6D4-E42953A003F0" value="true"/>
</engineerTo>
<useDomainConstraints>false</useDomainConstraints>
<use>1</use>
<logicalDatatype>LOGDT024</logicalDatatype>
<dataTypeSize>70</dataTypeSize>
<ownDataTypeParameters>70,,</ownDataTypeParameters>
</Attribute>
<Attribute name="dt_nascimento" id="6F4663F7-7A81-9CB5-087F-FA0BA07B0AE2">
<createdBy>labsfiap</createdBy>
<createdTime>2024-09-23 11:17:08 UTC</createdTime>
<ownerDesignName>aula05</ownerDesignName>
<engineerTo>
<item key="2D994BA4-12F2-A340-D6D4-E42953A003F0" value="true"/>
</engineerTo>
<useDomainConstraints>false</useDomainConstraints>
<use>1</use>
<logicalDatatype>LOGDT007</logicalDatatype>
<ownDataTypeParameters>,,</ownDataTypeParameters>
</Attribute>
<Attribute name="gr_professor" id="7F863F1A-30DE-8C05-1185-22721CB9E047">
<createdBy>labsfiap</createdBy>
<createdTime>2024-09-23 11:17:12 UTC</createdTime>
<ownerDesignName>aula05</ownerDesignName>
<engineerTo>
<item key="2D994BA4-12F2-A340-D6D4-E42953A003F0" value="true"/>
</engineerTo>
<useDomainConstraints>false</useDomainConstraints>
<use>1</use>
<logicalDatatype>LOGDT024</logicalDatatype>
<dataTypeSize>10</dataTypeSize>
<ownDataTypeParameters>10,,</ownDataTypeParameters>
</Attribute>
<Attribute name="cpf" id="B80DF516-FFFA-4CD2-2204-FACC0270AF16">
<createdBy>labsfiap</createdBy>
<createdTime>2024-09-23 11:17:16 UTC</createdTime>
<ownerDesignName>aula05</ownerDesignName>
<engineerTo>
<item key="2D994BA4-12F2-A340-D6D4-E42953A003F0" value="true"/>
</engineerTo>
<useDomainConstraints>false</useDomainConstraints>
<use>1</use>
<logicalDatatype>LOGDT024</logicalDatatype>
<ownDataTypeParameters>,,</ownDataTypeParameters>
</Attribute>
<Attribute name="id_autentica" id="803BB3FD-AD3E-6ACC-374C-96BBB0818102">
<createdBy>labsfiap</createdBy>
<createdTime>2024-10-14 11:56:34 UTC</createdTime>
<generatorID>24962BDB-FD44-CAF3-C7B0-05939B0EA85E</generatorID>
<ownerDesignName>aula05</ownerDesignName>
<engineerTo>
<item key="2D994BA4-12F2-A340-D6D4-E42953A003F0" value="true"/>
</engineerTo>
<referedAttribute>6A71CEF5-AE41-A7FC-61D7-FD8287D05836</referedAttribute>
<useDomainConstraints>false</useDomainConstraints>
<use>1</use>
<logicalDatatype>LOGDT011</logicalDatatype>
<ownDataTypeParameters>,,</ownDataTypeParameters>
</Attribute>
</attributes>
<identifiers itemClass="oracle.dbtools.crest.model.design.logical.CandidateKey">
<identifier id="D1FA05DA-ED25-8756-42D3-41A4747683D1" name="PROFESSOR PK">
<createdBy>labsfiap</createdBy>
<createdTime>2024-09-23 11:17:05 UTC</createdTime>
<ownerDesignName>aula05</ownerDesignName>
<engineerTo>
<item key="2D994BA4-12F2-A340-D6D4-E42953A003F0" value="true"/>
</engineerTo>
<pk>true</pk>
<usedAttributes>
<attributeRef>2A9D10A8-A1D0-75F8-4289-47A286175E83</attributeRef>
</usedAttributes>
</identifier>
</identifiers>
</Entity>