<?xml version = '1.0' encoding = 'UTF-8'?>
<Entity class="oracle.dbtools.crest.model.design.logical.Entity" directorySegmentName="seg_0" id="832E7AB6-3637-AA97-B121-3F04B357FFA5" name="T_FIAP_DISCIPLINA">
<createdBy>labsfiap</createdBy>
<createdTime>2024-09-23 11:04:40 UTC</createdTime>
<ownerDesignName>aula05</ownerDesignName>
<engineerTo>
<item key="2D994BA4-12F2-A340-D6D4-E42953A003F0" value="true"/>
</engineerTo>
<adequatelyNormalized>NO</adequatelyNormalized>
<expectedVolumes>0</expectedVolumes>
<fwdEngineeringStrategyName>Single Table</fwdEngineeringStrategyName>
<growthPercent>0</growthPercent>
<growthType>Year</growthType>
<maxVolumes>9999999</maxVolumes>
<minVolumes>0</minVolumes>
<normalForm>Third</normalForm>
<attributes itemClass="oracle.dbtools.crest.model.design.logical.Attribute">
<Attribute name="id_disciplina" id="CA5DD97C-C951-A4D8-CEDF-D82D0727F321">
<createdBy>labsfiap</createdBy>
<createdTime>2024-09-23 11:18:07 UTC</createdTime>
<ownerDesignName>aula05</ownerDesignName>
<engineerTo>
<item key="2D994BA4-12F2-A340-D6D4-E42953A003F0" value="true"/>
</engineerTo>
<useDomainConstraints>false</useDomainConstraints>
<use>1</use>
<logicalDatatype>LOGDT011</logicalDatatype>
<ownDataTypeParameters>,,</ownDataTypeParameters>
</Attribute>
<Attribute name="nm_disciplina" id="4217520B-4DB3-896D-ABB0-47EF7D4231A0">
<createdBy>labsfiap</createdBy>
<createdTime>2024-09-23 11:18:12 UTC</createdTime>
<ownerDesignName>aula05</ownerDesignName>
<engineerTo>
<item key="2D994BA4-12F2-A340-D6D4-E42953A003F0" value="true"/>
</engineerTo>
<useDomainConstraints>false</useDomainConstraints>
<use>1</use>
<logicalDatatype>LOGDT024</logicalDatatype>
<dataTypeSize>80</dataTypeSize>
<ownDataTypeParameters>80,,</ownDataTypeParameters>
</Attribute>
<Attribute name="ch_disciplina" id="8BF65315-F8AC-309B-8FE4-386B2D696FC4">
<createdBy>labsfiap</createdBy>
<createdTime>2024-09-23 11:18:15 UTC</createdTime>
<ownerDesignName>aula05</ownerDesignName>
<engineerTo>
<item key="2D994BA4-12F2-A340-D6D4-E42953A003F0" value="true"/>
</engineerTo>
<useDomainConstraints>false</useDomainConstraints>
<use>1</use>
<logicalDatatype>LOGDT011</logicalDatatype>
<ownDataTypeParameters>,,</ownDataTypeParameters>
</Attribute>
<Attribute name="plano_ensino" id="2C74FE18-F1BB-FB68-F77E-1D557800B2F1">
<createdBy>labsfiap</createdBy>
<createdTime>2024-09-23 11:18:19 UTC</createdTime>
<ownerDesignName>aula05</ownerDesignName>
<engineerTo>
<item key="2D994BA4-12F2-A340-D6D4-E42953A003F0" value="true"/>
</engineerTo>
<useDomainConstraints>false</useDomainConstraints>
<use>1</use>
<logicalDatatype>LOGDT040</logicalDatatype>
<ownDataTypeParameters>,,</ownDataTypeParameters>
</Attribute>
<Attribute name="id_curso" id="CD05597F-3ED3-DF78-352F-2C5605E21614">
<createdBy>labsfiap</createdBy>
<createdTime>2024-09-23 11:29:15 UTC</createdTime>
<generatorID>9F94C516-32FB-3CD9-9F6F-04526681639A</generatorID>
<ownerDesignName>aula05</ownerDesignName>
<engineerTo>
<item key="2D994BA4-12F2-A340-D6D4-E42953A003F0" value="true"/>
</engineerTo>
<referedAttribute>C19CCEA5-27C0-FB5B-E819-760DCEA39FF6</referedAttribute>
<useDomainConstraints>false</useDomainConstraints>
<use>1</use>
<logicalDatatype>LOGDT011</logicalDatatype>
<ownDataTypeParameters>,,</ownDataTypeParameters>
</Attribute>
</attributes>
<identifiers itemClass="oracle.dbtools.crest.model.design.logical.CandidateKey">
<identifier id="CFFF0314-24C7-B2D8-977B-E62981985E77" name="DISCIPLINA PK">
<createdBy>labsfiap</createdBy>
<createdTime>2024-09-23 11:18:41 UTC</createdTime>
<ownerDesignName>aula05</ownerDesignName>
<engineerTo>
<item key="2D994BA4-12F2-A340-D6D4-E42953A003F0" value="true"/>
</engineerTo>
<pk>true</pk>
<usedAttributes>
<attributeRef>CA5DD97C-C951-A4D8-CEDF-D82D0727F321</attributeRef>
</usedAttributes>
</identifier>
</identifiers>
</Entity>