<?xml version = '1.0' encoding = 'UTF-8'?>
<Entity class="oracle.dbtools.crest.model.design.logical.Entity" directorySegmentName="seg_0" id="90E2DD2B-20E1-ADE4-FF8B-B62859866327" name="T_FIAP_ALUNO">
<createdBy>labsfiap</createdBy>
<createdTime>2024-09-23 11:03:47 UTC</createdTime>
<ownerDesignName>aula05</ownerDesignName>
<engineerTo>
<item key="2D994BA4-12F2-A340-D6D4-E42953A003F0" value="true"/>
</engineerTo>
<adequatelyNormalized>NO</adequatelyNormalized>
<expectedVolumes>0</expectedVolumes>
<fwdEngineeringStrategyName>Single Table</fwdEngineeringStrategyName>
<growthPercent>0</growthPercent>
<growthType>Year</growthType>
<maxVolumes>9999999</maxVolumes>
<minVolumes>0</minVolumes>
<normalForm>Third</normalForm>
<attributes itemClass="oracle.dbtools.crest.model.design.logical.Attribute">
<Attribute name="id_aluno" id="FF171701-4881-2B34-4A5A-93C85D3A81A3">
<createdBy>labsfiap</createdBy>
<createdTime>2024-09-23 11:11:17 UTC</createdTime>
<ownerDesignName>aula05</ownerDesignName>
<engineerTo>
<item key="2D994BA4-12F2-A340-D6D4-E42953A003F0" value="true"/>
</engineerTo>
<useDomainConstraints>false</useDomainConstraints>
<use>1</use>
<logicalDatatype>LOGDT011</logicalDatatype>
<ownDataTypeParameters>,,</ownDataTypeParameters>
</Attribute>
<Attribute name="nm_aluno" id="D2E0132B-41B7-79DF-7723-51572B784C10">
<createdBy>labsfiap</createdBy>
<createdTime>2024-09-23 11:11:29 UTC</createdTime>
<ownerDesignName>aula05</ownerDesignName>
<engineerTo>
<item key="2D994BA4-12F2-A340-D6D4-E42953A003F0" value="true"/>
</engineerTo>
<useDomainConstraints>false</useDomainConstraints>
<use>1</use>
<logicalDatatype>LOGDT024</logicalDatatype>
<dataTypeSize>70</dataTypeSize>
<ownDataTypeParameters>70,,</ownDataTypeParameters>
</Attribute>
<Attribute name="dt_nascimento" id="E7C461B6-646A-6A12-4DBA-CAA396194AB5">
<createdBy>labsfiap</createdBy>
<createdTime>2024-09-23 11:11:35 UTC</createdTime>
<ownerDesignName>aula05</ownerDesignName>
<engineerTo>
<item key="2D994BA4-12F2-A340-D6D4-E42953A003F0" value="true"/>
</engineerTo>
<useDomainConstraints>false</useDomainConstraints>
<use>1</use>
<logicalDatatype>LOGDT007</logicalDatatype>
<ownDataTypeParameters>,,</ownDataTypeParameters>
</Attribute>
<Attribute name="gr_aluno" id="B5A6B557-1919-3BA1-BA2D-26A60CFB5EF0">
<createdBy>labsfiap</createdBy>
<createdTime>2024-09-23 11:11:42 UTC</createdTime>
<commentInRDBMS><![CDATA[genero receberá os valores "Masculino", "Feminino" ou "Indefinido".]]></commentInRDBMS>
<ownerDesignName>aula05</ownerDesignName>
<engineerTo>
<item key="2D994BA4-12F2-A340-D6D4-E42953A003F0" value="true"/>
</engineerTo>
<nullsAllowed>true</nullsAllowed>
<useDomainConstraints>false</useDomainConstraints>
<use>1</use>
<logicalDatatype>LOGDT024</logicalDatatype>
<dataTypeSize>10</dataTypeSize>
<ownDataTypeParameters>10,,</ownDataTypeParameters>
</Attribute>
<Attribute name="cpf_aluno" id="4D680A3D-3200-A544-390C-D497F7CCF4AD">
<createdBy>labsfiap</createdBy>
<createdTime>2024-09-23 11:11:50 UTC</createdTime>
<ownerDesignName>aula05</ownerDesignName>
<engineerTo>
<item key="2D994BA4-12F2-A340-D6D4-E42953A003F0" value="true"/>
</engineerTo>
<useDomainConstraints>false</useDomainConstraints>
<use>1</use>
<logicalDatatype>LOGDT024</logicalDatatype>
<dataTypeSize>15</dataTypeSize>
<ownDataTypeParameters>15,,</ownDataTypeParameters>
</Attribute>
<Attribute name="id_turma" id="90DF7CEC-AB48-7D6C-2D73-23604765D67B">
<createdBy>labsfiap</createdBy>
<createdTime>2024-09-23 11:28:33 UTC</createdTime>
<generatorID>508D6B88-B82B-7575-2FFC-46E5988843F2</generatorID>
<ownerDesignName>aula05</ownerDesignName>
<engineerTo>
<item key="2D994BA4-12F2-A340-D6D4-E42953A003F0" value="true"/>
</engineerTo>
<referedAttribute>CF96FD6F-BB8A-BDCE-384B-62774C5236C6</referedAttribute>
<use>1</use>
<logicalDatatype>LOGDT011</logicalDatatype>
<ownDataTypeParameters>,,</ownDataTypeParameters>
</Attribute>
<Attribute name="id_autentica" id="065A06F3-43AF-DED5-B039-F7433C96B357">
<createdBy>labsfiap</createdBy>
<createdTime>2024-10-14 11:56:34 UTC</createdTime>
<generatorID>E9AB2F3F-07D4-3525-8087-911D8A776962</generatorID>
<ownerDesignName>aula05</ownerDesignName>
<engineerTo>
<item key="2D994BA4-12F2-A340-D6D4-E42953A003F0" value="true"/>
</engineerTo>
<referedAttribute>6A71CEF5-AE41-A7FC-61D7-FD8287D05836</referedAttribute>
<useDomainConstraints>false</useDomainConstraints>
<use>1</use>
<logicalDatatype>LOGDT011</logicalDatatype>
<ownDataTypeParameters>,,</ownDataTypeParameters>
</Attribute>
</attributes>
<identifiers itemClass="oracle.dbtools.crest.model.design.logical.CandidateKey">
<identifier id="7864C7C0-0556-11BA-5F6A-3BCA2B71A0CB" name="ALUNO PK">
<createdBy>labsfiap</createdBy>
<createdTime>2024-09-23 11:11:09 UTC</createdTime>
<ownerDesignName>aula05</ownerDesignName>
<engineerTo>
<item key="2D994BA4-12F2-A340-D6D4-E42953A003F0" value="true"/>
</engineerTo>
<pk>true</pk>
<usedAttributes>
<attributeRef>FF171701-4881-2B34-4A5A-93C85D3A81A3</attributeRef>
</usedAttributes>
</identifier>
</identifiers>
</Entity>