<?xml version = '1.0' encoding = 'UTF-8'?>
<Entity class="oracle.dbtools.crest.model.design.logical.Entity" directorySegmentName="seg_0" id="EF00BC9C-4B24-A64D-AB9D-53F6A629EF35" name="T_FIAP_AUTENTICA">
<createdBy>labsfiap</createdBy>
<createdTime>2024-09-23 11:18:55 UTC</createdTime>
<ownerDesignName>aula05</ownerDesignName>
<engineerTo>
<item key="2D994BA4-12F2-A340-D6D4-E42953A003F0" value="true"/>
</engineerTo>
<adequatelyNormalized>NO</adequatelyNormalized>
<expectedVolumes>0</expectedVolumes>
<fwdEngineeringStrategyName>Single Table</fwdEngineeringStrategyName>
<growthPercent>0</growthPercent>
<growthType>Year</growthType>
<maxVolumes>9999999</maxVolumes>
<minVolumes>0</minVolumes>
<normalForm>Third</normalForm>
<attributes itemClass="oracle.dbtools.crest.model.design.logical.Attribute">
<Attribute name="id_autentica" id="6A71CEF5-AE41-A7FC-61D7-FD8287D05836">
<createdBy>labsfiap</createdBy>
<createdTime>2024-09-23 11:19:06 UTC</createdTime>
<ownerDesignName>aula05</ownerDesignName>
<engineerTo>
<item key="2D994BA4-12F2-A340-D6D4-E42953A003F0" value="true"/>
</engineerTo>
<useDomainConstraints>false</useDomainConstraints>
<use>1</use>
<logicalDatatype>LOGDT011</logicalDatatype>
<ownDataTypeParameters>,,</ownDataTypeParameters>
</Attribute>
<Attribute name="login" id="193884FD-7366-24E2-D6BE-BCDE6ECC5CD6">
<createdBy>labsfiap</createdBy>
<createdTime>2024-09-23 11:19:09 UTC</createdTime>
<ownerDesignName>aula05</ownerDesignName>
<engineerTo>
<item key="2D994BA4-12F2-A340-D6D4-E42953A003F0" value="true"/>
</engineerTo>
<nullsAllowed>true</nullsAllowed>
<useDomainConstraints>false</useDomainConstraints>
<use>1</use>
<logicalDatatype>LOGDT024</logicalDatatype>
<dataTypeSize>40</dataTypeSize>
<ownDataTypeParameters>40,,</ownDataTypeParameters>
</Attribute>
<Attribute name="senha" id="66C9E459-C750-5554-F772-692B331C51A1">
<createdBy>labsfiap</createdBy>
<createdTime>2024-09-23 11:19:16 UTC</createdTime>
<ownerDesignName>aula05</ownerDesignName>
<engineerTo>
<item key="2D994BA4-12F2-A340-D6D4-E42953A003F0" value="true"/>
</engineerTo>
<useDomainConstraints>false</useDomainConstraints>
<use>1</use>
<logicalDatatype>LOGDT024</logicalDatatype>
<dataTypeSize>40</dataTypeSize>
<ownDataTypeParameters>40,,</ownDataTypeParameters>
</Attribute>
</attributes>
<identifiers itemClass="oracle.dbtools.crest.model.design.logical.CandidateKey">
<identifier id="0C59F130-8EA3-9971-8496-243B93754705" name="T_FIAP_AUTENTICA PK">
<createdBy>labsfiap</createdBy>
<createdTime>2024-10-14 11:56:33 UTC</createdTime>
<ownerDesignName>aula05</ownerDesignName>
<engineerTo>
<item key="2D994BA4-12F2-A340-D6D4-E42953A003F0" value="true"/>
</engineerTo>
<pk>true</pk>
<usedAttributes>
<attributeRef>6A71CEF5-AE41-A7FC-61D7-FD8287D05836</attributeRef>
</usedAttributes>
</identifier>
</identifiers>
</Entity>