<?xml version = '1.0' encoding = 'UTF-8'?>
<Diagram class="oracle.dbtools.crest.swingui.logical.DPVLogical" name="Logical" id="E9C686A0-048D-9050-2DE8-4CDBF7F47A54">
<createdBy>labsfiap</createdBy>
<modifiedBy>labsfiap</modifiedBy>
<createdTime>2024-09-23 11:46:07 UTC</createdTime>
<autoRoute>false</autoRoute>
<boxInbox>true</boxInbox>
<showLegend>false</showLegend>
<showLabels>false</showLabels>
<showRelAttributes>false</showRelAttributes>
<gridEnabled>false</gridEnabled>
<showGrid>false</showGrid>
<diagramColor>-1</diagramColor>
<display>false</display>
<notation>1</notation>
<objectViews>
<OView class="oracle.dbtools.crest.swingui.logical.TVEntity" oid="098FEDB9-313D-3809-F698-E208528BB239" otype="Entity" vid="E0AB63AD-CD1A-8639-6D27-95C7016538EC">
<hideElementsInCurrentOnly>false</hideElementsInCurrentOnly>
<bounds x="833" y="201" width="162" height="110"/>
</OView>
<OView class="oracle.dbtools.crest.swingui.logical.TVEntity" oid="2567B826-A9E7-E382-DAC8-61BC5E7DB9B7" otype="Entity" vid="2C53BA51-642A-6314-8242-82F3E2B5DB1A">
<hideElementsInCurrentOnly>false</hideElementsInCurrentOnly>
<bounds x="38" y="382" width="170" height="110"/>
</OView>
<OView class="oracle.dbtools.crest.swingui.logical.TVEntity" oid="337D2A62-C3CA-D981-84B9-9BCD62BAC92C" otype="Entity" vid="B9475CD8-9E23-01E1-4494-5B33CEE2CA55">
<hideElementsInCurrentOnly>false</hideElementsInCurrentOnly>
<bounds x="556" y="9" width="170" height="110"/>
</OView>
<OView class="oracle.dbtools.crest.swingui.logical.TVEntity" oid="39E48FFB-4199-A6B3-8A0A-784BB832ED57" otype="Entity" vid="E48D8375-4B65-B97F-1A8A-8E1DDE184E76">
<hideElementsInCurrentOnly>false</hideElementsInCurrentOnly>
<bounds x="1089" y="262" width="170" height="110"/>
</OView>
<OView class="oracle.dbtools.crest.swingui.logical.TVEntity" oid="59AC219E-4202-C6FB-A18B-F5157FD10DB1" otype="Entity" vid="4397051A-7E78-38B9-D259-F74F20B544CB">
<hideElementsInCurrentOnly>false</hideElementsInCurrentOnly>
<bounds x="295" y="28" width="170" height="110"/>
</OView>
<OView class="oracle.dbtools.crest.swingui.logical.TVEntity" oid="881D6DD4-E558-E819-F90D-D15DD4ECD330" otype="Entity" vid="1AF7A010-976C-86EC-BCAD-750524BF8CC7">
<hideElementsInCurrentOnly>false</hideElementsInCurrentOnly>
<bounds x="1092" y="43" width="170" height="110"/>
</OView>
<OView class="oracle.dbtools.crest.swingui.logical.TVEntity" oid="AA537B46-A1E5-4A81-84E9-33ACD3730D2B" otype="Entity" vid="FD1200F9-5381-214D-0ACF-D1E5A2CA8E7D">
<hideElementsInCurrentOnly>false</hideElementsInCurrentOnly>
<bounds x="1095" y="502" width="170" height="110"/>
</OView>
<OView class="oracle.dbtools.crest.swingui.logical.TVEntity" oid="ACA69ED6-C8F0-BD84-10C5-C2C0C7506696" otype="Entity" vid="F566E03D-4DC9-0EC6-58D2-1F58EC4261AC">
<hideElementsInCurrentOnly>false</hideElementsInCurrentOnly>
<bounds x="24" y="100" width="170" height="110"/>
</OView>
<OView class="oracle.dbtools.crest.swingui.logical.TVEntity" oid="C4F49734-C0A2-1044-164C-80EAD9CB8ACA" otype="Entity" vid="2A4EB362-D626-DC0D-DE36-B4189E8BFE71">
<hideElementsInCurrentOnly>false</hideElementsInCurrentOnly>
<bounds x="528" y="309" width="170" height="110"/>
</OView>
<OView class="oracle.dbtools.crest.swingui.logical.TVEntity" oid="D527B7CC-BF8F-1353-AF08-DCA19FEBCE85" otype="Entity" vid="8DC77720-5E56-5634-029F-09EB539C2EAC">
<hideElementsInCurrentOnly>false</hideElementsInCurrentOnly>
<bounds x="281" y="498" width="170" height="110"/>
</OView>
</objectViews>
<connectors>
<Connector class="oracle.dbtools.crest.swingui.logical.TVRelation" oid="0725DBCF-536F-B790-EAC3-AA6054733036" otype="Relation" vid_source="8DC77720-5E56-5634-029F-09EB539C2EAC" vid_target="4397051A-7E78-38B9-D259-F74F20B544CB">
<hideElementsInCurrentOnly>false</hideElementsInCurrentOnly>
<backgroundColor>-16777216</backgroundColor>
<lineWidth>1</lineWidth>
<points>
<point x="373" y="498"/>
<point x="373" y="138"/>
</points>
</Connector>
<Connector class="oracle.dbtools.crest.swingui.logical.TVRelation" oid="11D9530E-042C-57AF-29EC-D014F9C55FA4" otype="Relation" vid_source="8DC77720-5E56-5634-029F-09EB539C2EAC" vid_target="E48D8375-4B65-B97F-1A8A-8E1DDE184E76">
<hideElementsInCurrentOnly>false</hideElementsInCurrentOnly>
<backgroundColor>-16777216</backgroundColor>
<lineWidth>1</lineWidth>
<points>
<point x="451" y="528"/>
<point x="1089" y="341"/>
</points>
</Connector>
<Connector class="oracle.dbtools.crest.swingui.logical.TVRelation" oid="2216F1B0-1832-C06A-DC8E-38FEB0B869FB" otype="Relation" vid_source="FD1200F9-5381-214D-0ACF-D1E5A2CA8E7D" vid_target="E48D8375-4B65-B97F-1A8A-8E1DDE184E76">
<hideElementsInCurrentOnly>false</hideElementsInCurrentOnly>
<backgroundColor>-16777216</backgroundColor>
<lineWidth>1</lineWidth>
<points>
<point x="1177" y="502"/>
<point x="1177" y="372"/>
</points>
</Connector>
<Connector class="oracle.dbtools.crest.swingui.logical.TVRelation" oid="302A4A5C-2D9A-58ED-0209-B7F52053852C" otype="Relation" vid_source="B9475CD8-9E23-01E1-4494-5B33CEE2CA55" vid_target="1AF7A010-976C-86EC-BCAD-750524BF8CC7">
<hideElementsInCurrentOnly>false</hideElementsInCurrentOnly>
<backgroundColor>-16777216</backgroundColor>
<lineWidth>1</lineWidth>
<points>
<point x="726" y="81"/>
<point x="1092" y="81"/>
</points>
</Connector>
<Connector class="oracle.dbtools.crest.swingui.logical.TVRelation" oid="4A8C4F1C-B136-C144-C091-F0B6FCE0FFF3" otype="Relation" vid_source="FD1200F9-5381-214D-0ACF-D1E5A2CA8E7D" vid_target="4397051A-7E78-38B9-D259-F74F20B544CB">
<hideElementsInCurrentOnly>false</hideElementsInCurrentOnly>
<backgroundColor>-16777216</backgroundColor>
<lineWidth>1</lineWidth>
<points>
<point x="1095" y="506"/>
<point x="465" y="133"/>
</points>
</Connector>
<Connector class="oracle.dbtools.crest.swingui.logical.TVRelation" oid="614E553B-FC87-A280-57A5-84A51D18E961" otype="Relation" vid_source="4397051A-7E78-38B9-D259-F74F20B544CB" vid_target="B9475CD8-9E23-01E1-4494-5B33CEE2CA55">
<hideElementsInCurrentOnly>false</hideElementsInCurrentOnly>
<backgroundColor>-16777216</backgroundColor>
<lineWidth>1</lineWidth>
<points>
<point x="465" y="73"/>
<point x="556" y="73"/>
</points>
</Connector>
<Connector class="oracle.dbtools.crest.swingui.logical.TVRelation" oid="62288E7F-BC25-5E6A-5319-217CC5295CD8" otype="Relation" vid_source="2A4EB362-D626-DC0D-DE36-B4189E8BFE71" vid_target="B9475CD8-9E23-01E1-4494-5B33CEE2CA55">
<hideElementsInCurrentOnly>false</hideElementsInCurrentOnly>
<backgroundColor>-16777216</backgroundColor>
<lineWidth>1</lineWidth>
<points>
<point x="627" y="309"/>
<point x="627" y="119"/>
</points>
</Connector>
<Connector class="oracle.dbtools.crest.swingui.logical.TVRelation" oid="6CF697D5-839D-4E60-984A-80DB38BF352C" otype="Relation" vid_source="FD1200F9-5381-214D-0ACF-D1E5A2CA8E7D" vid_target="E0AB63AD-CD1A-8639-6D27-95C7016538EC">
<hideElementsInCurrentOnly>false</hideElementsInCurrentOnly>
<backgroundColor>-16777216</backgroundColor>
<lineWidth>1</lineWidth>
<points>
<point x="1131" y="502"/>
<point x="962" y="311"/>
</points>
</Connector>
<Connector class="oracle.dbtools.crest.swingui.logical.TVRelation" oid="74DC1856-3075-FCBF-B5CF-59A14A2081BE" otype="Relation" vid_source="F566E03D-4DC9-0EC6-58D2-1F58EC4261AC" vid_target="2C53BA51-642A-6314-8242-82F3E2B5DB1A">
<hideElementsInCurrentOnly>false</hideElementsInCurrentOnly>
<backgroundColor>-16777216</backgroundColor>
<lineWidth>1</lineWidth>
<points>
<point x="131" y="210"/>
<point x="131" y="382"/>
</points>
</Connector>
<Connector class="oracle.dbtools.crest.swingui.logical.TVRelation" oid="83E3016E-37E8-0C3F-0E14-585429E7A5C6" otype="Relation" vid_source="2A4EB362-D626-DC0D-DE36-B4189E8BFE71" vid_target="FD1200F9-5381-214D-0ACF-D1E5A2CA8E7D">
<hideElementsInCurrentOnly>false</hideElementsInCurrentOnly>
<backgroundColor>-16777216</backgroundColor>
<lineWidth>1</lineWidth>
<points>
<point x="698" y="392"/>
<point x="1095" y="528"/>
</points>
</Connector>
<Connector class="oracle.dbtools.crest.swingui.logical.TVRelation" oid="8547CC98-E4A7-17B0-F967-F93E6E749C00" otype="Relation" vid_source="1AF7A010-976C-86EC-BCAD-750524BF8CC7" vid_target="E0AB63AD-CD1A-8639-6D27-95C7016538EC">
<hideElementsInCurrentOnly>false</hideElementsInCurrentOnly>
<backgroundColor>-16777216</backgroundColor>
<lineWidth>1</lineWidth>
<points>
<point x="1092" y="149"/>
<point x="995" y="207"/>
</points>
</Connector>
<Connector class="oracle.dbtools.crest.swingui.logical.TVRelation" oid="93A681D1-19CA-849D-676F-DCB4505A23F0" otype="Relation" vid_source="8DC77720-5E56-5634-029F-09EB539C2EAC" vid_target="B9475CD8-9E23-01E1-4494-5B33CEE2CA55">
<hideElementsInCurrentOnly>false</hideElementsInCurrentOnly>
<backgroundColor>-16777216</backgroundColor>
<lineWidth>1</lineWidth>
<points>
<point x="396" y="498"/>
<point x="610" y="119"/>
</points>
</Connector>
<Connector class="oracle.dbtools.crest.swingui.logical.TVRelation" oid="9BCC8AA7-C31D-E1B6-19F3-E439B9EA6ED8" otype="Relation" vid_source="2A4EB362-D626-DC0D-DE36-B4189E8BFE71" vid_target="8DC77720-5E56-5634-029F-09EB539C2EAC">
<hideElementsInCurrentOnly>false</hideElementsInCurrentOnly>
<backgroundColor>-16777216</backgroundColor>
<lineWidth>1</lineWidth>
<points>
<point x="541" y="419"/>
<point x="437" y="498"/>
</points>
</Connector>
<Connector class="oracle.dbtools.crest.swingui.logical.TVRelation" oid="C1112B2A-FE78-99A9-B75B-46CDA248418A" otype="Relation" vid_source="4397051A-7E78-38B9-D259-F74F20B544CB" vid_target="F566E03D-4DC9-0EC6-58D2-1F58EC4261AC">
<hideElementsInCurrentOnly>false</hideElementsInCurrentOnly>
<backgroundColor>-16777216</backgroundColor>
<lineWidth>1</lineWidth>
<points>
<point x="295" y="119"/>
<point x="194" y="119"/>
</points>
</Connector>
<Connector class="oracle.dbtools.crest.swingui.logical.TVRelation" oid="C7DBD05F-8659-F1EA-481A-18C86320CB6E" otype="Relation" vid_source="1AF7A010-976C-86EC-BCAD-750524BF8CC7" vid_target="E48D8375-4B65-B97F-1A8A-8E1DDE184E76">
<hideElementsInCurrentOnly>false</hideElementsInCurrentOnly>
<backgroundColor>-16777216</backgroundColor>
<lineWidth>1</lineWidth>
<points>
<point x="1175" y="153"/>
<point x="1175" y="262"/>
</points>
</Connector>
<Connector class="oracle.dbtools.crest.swingui.logical.TVRelation" oid="DCC153B3-CFDB-CCBB-1F76-DA795579A6AA" otype="Relation" vid_source="FD1200F9-5381-214D-0ACF-D1E5A2CA8E7D" vid_target="8DC77720-5E56-5634-029F-09EB539C2EAC">
<hideElementsInCurrentOnly>false</hideElementsInCurrentOnly>
<backgroundColor>-16777216</backgroundColor>
<lineWidth>1</lineWidth>
<points>
<point x="1095" y="555"/>
<point x="451" y="555"/>
</points>
</Connector>
<Connector class="oracle.dbtools.crest.swingui.logical.TVRelation" oid="FFDA5869-B1A2-7D85-EF47-12BC5D42574E" otype="Relation" vid_source="8DC77720-5E56-5634-029F-09EB539C2EAC" vid_target="2C53BA51-642A-6314-8242-82F3E2B5DB1A">
<hideElementsInCurrentOnly>false</hideElementsInCurrentOnly>
<backgroundColor>-16777216</backgroundColor>
<lineWidth>1</lineWidth>
<points>
<point x="281" y="512"/>
<point x="208" y="477"/>
</points>
</Connector>
</connectors>
</Diagram>