<?xml version = '1.0' encoding = 'UTF-8'?>
<FKIndexAssociation class="oracle.dbtools.crest.model.design.relational.FKIndexAssociation" directorySegmentName="seg_0" id="0AB815E0-7E0C-1AFA-7F4C-C5C107B877C0" containerWithKeyObject="C06B25E5-C722-52ED-73C3-C07FFFD6E2DA" localFKIndex="5D14432C-A5CE-2007-0DE2-84268CED7148" name="T_FIAP_GRADE_T_FIAP_TURMA_FK">
<createdBy>labsfiap</createdBy>
<createdTime>2024-10-14 11:57:01 UTC</createdTime>
<generatorID>65E092C6-4D60-1BBF-AAE2-33B3C2B3BE0A</generatorID>
<ownerDesignName>aula05</ownerDesignName>
<referredTableLongName>T_FIAP_TURMA</referredTableLongName>
<deleteRule>NO ACTION</deleteRule>
<referredTableID>30542DC0-434E-5F70-5DB7-0D5A71A18AFE</referredTableID>
<keyObject>043EA587-3BBE-67FE-FABC-3B3AB1D0652B</keyObject>
<referredKeyID>043EA587-3BBE-67FE-FABC-3B3AB1D0652B</referredKeyID>
<mandatory>true</mandatory>
<refColNames>id_turma</refColNames>
<transferable>true</transferable>
<rely>false</rely>
<columnDependencyConstraintGenerateInDDL>true</columnDependencyConstraintGenerateInDDL>
</FKIndexAssociation>