<?xml version = '1.0' encoding = 'UTF-8'?>
<FKIndexAssociation class="oracle.dbtools.crest.model.design.relational.FKIndexAssociation" directorySegmentName="seg_0" id="21049D49-A54A-B338-176B-78F20F9BBB5B" containerWithKeyObject="30542DC0-434E-5F70-5DB7-0D5A71A18AFE" localFKIndex="12AB233B-03D1-7D07-BAE6-0D6FC250C0FE" name="T_FIAP_TURMA_T_FIAP_CURSO_FK">
<createdBy>labsfiap</createdBy>
<createdTime>2024-10-14 11:57:01 UTC</createdTime>
<generatorID>D21F8DE2-FC51-E458-CC99-2191207AF3AF</generatorID>
<ownerDesignName>aula05</ownerDesignName>
<referredTableLongName>T_FIAP_CURSO</referredTableLongName>
<deleteRule>NO ACTION</deleteRule>
<referredTableID>C44688DB-7686-FDA0-1622-7FCD8F3D8CD1</referredTableID>
<keyObject>69DB0C42-33D1-4239-7828-5C7FF12CF954</keyObject>
<referredKeyID>69DB0C42-33D1-4239-7828-5C7FF12CF954</referredKeyID>
<mandatory>true</mandatory>
<refColNames>id_curso</refColNames>
<transferable>true</transferable>
<rely>false</rely>
<columnDependencyConstraintGenerateInDDL>true</columnDependencyConstraintGenerateInDDL>
</FKIndexAssociation>