<?xml version = '1.0' encoding = 'UTF-8'?>
<FKIndexAssociation class="oracle.dbtools.crest.model.design.relational.FKIndexAssociation" directorySegmentName="seg_0" id="3A86B5AC-233D-7F6A-EEAE-A2DA29E99C02" containerWithKeyObject="C06B25E5-C722-52ED-73C3-C07FFFD6E2DA" localFKIndex="20D7B6A9-B59E-7527-4BF2-FE89ED83940B" name="T_FIAP_GRADE_T_FIAP_PROFESSOR_FK">
<createdBy>labsfiap</createdBy>
<createdTime>2024-10-14 11:57:01 UTC</createdTime>
<generatorID>40C9142E-87EF-3EFA-E6D1-EDFD751CAB91</generatorID>
<ownerDesignName>aula05</ownerDesignName>
<referredTableLongName>T_FIAP_PROFESSOR</referredTableLongName>
<deleteRule>NO ACTION</deleteRule>
<referredTableID>E66574F0-E715-CD4D-104C-F3C8D9FC2A19</referredTableID>
<keyObject>8AA1006D-43EB-B093-8FAB-67D0C2ED6AEF</keyObject>
<referredKeyID>8AA1006D-43EB-B093-8FAB-67D0C2ED6AEF</referredKeyID>
<mandatory>true</mandatory>
<refColNames>id_professor</refColNames>
<transferable>true</transferable>
<rely>false</rely>
<columnDependencyConstraintGenerateInDDL>true</columnDependencyConstraintGenerateInDDL>
</FKIndexAssociation>