<?xml version = '1.0' encoding = 'UTF-8'?>
<FKIndexAssociation class="oracle.dbtools.crest.model.design.relational.FKIndexAssociation" directorySegmentName="seg_0" id="4AC27004-237F-94C6-EDA9-78C02D45FC1B" containerWithKeyObject="E66574F0-E715-CD4D-104C-F3C8D9FC2A19" localFKIndex="8E9ABBD7-9999-1310-D240-CBE9E326B43E" name="T_FIAP_PROFESSOR_T_FIAP_AUTENTICA_FK">
<createdBy>labsfiap</createdBy>
<createdTime>2024-10-14 11:57:01 UTC</createdTime>
<generatorID>24962BDB-FD44-CAF3-C7B0-05939B0EA85E</generatorID>
<ownerDesignName>aula05</ownerDesignName>
<referredTableLongName>T_FIAP_AUTENTICA</referredTableLongName>
<deleteRule>NO ACTION</deleteRule>
<referredTableID>2C608593-7D4D-4736-D7A3-D5190F594732</referredTableID>
<keyObject>A4D41042-FC43-A320-3A50-7247DE239880</keyObject>
<referredKeyID>A4D41042-FC43-A320-3A50-7247DE239880</referredKeyID>
<mandatory>true</mandatory>
<refColNames>id_autentica</refColNames>
<transferable>true</transferable>
<rely>false</rely>
<columnDependencyConstraintGenerateInDDL>true</columnDependencyConstraintGenerateInDDL>
</FKIndexAssociation>