<?xml version = '1.0' encoding = 'UTF-8'?>
<FKIndexAssociation class="oracle.dbtools.crest.model.design.relational.FKIndexAssociation" directorySegmentName="seg_0" id="8D22E279-0D92-B0D1-3867-E4B4BE3F94F1" containerWithKeyObject="C06B25E5-C722-52ED-73C3-C07FFFD6E2DA" localFKIndex="C9887826-E7E1-2E61-14EC-D07C15E1054D" name="T_FIAP_GRADE_T_FIAP_DISCIPLINA_FK">
<createdBy>labsfiap</createdBy>
<createdTime>2024-10-14 11:57:01 UTC</createdTime>
<generatorID>0BD82170-DDBF-8581-519E-B1F93B51765D</generatorID>
<ownerDesignName>aula05</ownerDesignName>
<referredTableLongName>T_FIAP_DISCIPLINA</referredTableLongName>
<deleteRule>NO ACTION</deleteRule>
<referredTableID>7376DF7D-0E8A-74D6-1E02-A91955CAB9C3</referredTableID>
<keyObject>7CA8CFF6-E677-43BD-D2BB-44D8AE4583D2</keyObject>
<referredKeyID>7CA8CFF6-E677-43BD-D2BB-44D8AE4583D2</referredKeyID>
<mandatory>true</mandatory>
<refColNames>id_disciplina</refColNames>
<transferable>true</transferable>
<rely>false</rely>
<columnDependencyConstraintGenerateInDDL>true</columnDependencyConstraintGenerateInDDL>
</FKIndexAssociation>