<?xml version = '1.0' encoding = 'UTF-8'?>
<FKIndexAssociation class="oracle.dbtools.crest.model.design.relational.FKIndexAssociation" directorySegmentName="seg_0" id="B1419ABB-752C-2F2C-89C6-8510392B16AD" containerWithKeyObject="03064BAD-4A07-AF54-8D05-F983CA06BEDC" localFKIndex="9DE333F4-3E4F-CB03-8D61-569D9BFB2E10" name="T_FIAP_ALUNO_T_FIAP_TURMA_FK">
<createdBy>labsfiap</createdBy>
<createdTime>2024-10-14 11:57:01 UTC</createdTime>
<generatorID>508D6B88-B82B-7575-2FFC-46E5988843F2</generatorID>
<ownerDesignName>aula05</ownerDesignName>
<referredTableLongName>T_FIAP_TURMA</referredTableLongName>
<deleteRule>NO ACTION</deleteRule>
<referredTableID>30542DC0-434E-5F70-5DB7-0D5A71A18AFE</referredTableID>
<keyObject>043EA587-3BBE-67FE-FABC-3B3AB1D0652B</keyObject>
<referredKeyID>043EA587-3BBE-67FE-FABC-3B3AB1D0652B</referredKeyID>
<mandatory>true</mandatory>
<refColNames>id_turma</refColNames>
<transferable>true</transferable>
<rely>false</rely>
<columnDependencyConstraintGenerateInDDL>true</columnDependencyConstraintGenerateInDDL>
</FKIndexAssociation>