<?xml version = '1.0' encoding = 'UTF-8'?>
<FKIndexAssociation class="oracle.dbtools.crest.model.design.relational.FKIndexAssociation" directorySegmentName="seg_0" id="C6DDD874-FA3B-9CE6-E7BC-EFB16150E446" containerWithKeyObject="03064BAD-4A07-AF54-8D05-F983CA06BEDC" localFKIndex="EC3F6A6E-AA75-1513-5860-03A156EF6278" name="T_FIAP_ALUNO_T_FIAP_AUTENTICA_FK">
<createdBy>labsfiap</createdBy>
<createdTime>2024-10-14 11:57:01 UTC</createdTime>
<generatorID>E9AB2F3F-07D4-3525-8087-911D8A776962</generatorID>
<ownerDesignName>aula05</ownerDesignName>
<referredTableLongName>T_FIAP_AUTENTICA</referredTableLongName>
<deleteRule>NO ACTION</deleteRule>
<referredTableID>2C608593-7D4D-4736-D7A3-D5190F594732</referredTableID>
<keyObject>A4D41042-FC43-A320-3A50-7247DE239880</keyObject>
<referredKeyID>A4D41042-FC43-A320-3A50-7247DE239880</referredKeyID>
<mandatory>true</mandatory>
<refColNames>id_autentica</refColNames>
<transferable>true</transferable>
<rely>false</rely>
<columnDependencyConstraintGenerateInDDL>true</columnDependencyConstraintGenerateInDDL>
</FKIndexAssociation>