<?xml version = '1.0' encoding = 'UTF-8'?>
<FKIndexAssociation class="oracle.dbtools.crest.model.design.relational.FKIndexAssociation" directorySegmentName="seg_0" id="E975A279-477F-11DD-6A67-0C28F8DF81D0" containerWithKeyObject="7376DF7D-0E8A-74D6-1E02-A91955CAB9C3" localFKIndex="81C4B415-B419-5B7B-2670-484EE5DE48A3" name="T_FIAP_DISCIPLINA_T_FIAP_CURSO_FK">
<createdBy>labsfiap</createdBy>
<createdTime>2024-10-14 11:57:01 UTC</createdTime>
<generatorID>9F94C516-32FB-3CD9-9F6F-04526681639A</generatorID>
<ownerDesignName>aula05</ownerDesignName>
<referredTableLongName>T_FIAP_CURSO</referredTableLongName>
<deleteRule>NO ACTION</deleteRule>
<referredTableID>C44688DB-7686-FDA0-1622-7FCD8F3D8CD1</referredTableID>
<keyObject>69DB0C42-33D1-4239-7828-5C7FF12CF954</keyObject>
<referredKeyID>69DB0C42-33D1-4239-7828-5C7FF12CF954</referredKeyID>
<mandatory>true</mandatory>
<refColNames>id_curso</refColNames>
<transferable>true</transferable>
<rely>false</rely>
<columnDependencyConstraintGenerateInDDL>true</columnDependencyConstraintGenerateInDDL>
</FKIndexAssociation>