<?xml version = '1.0' encoding = 'UTF-8'?>
<relationalModel class="oracle.dbtools.crest.model.design.relational.RelationalDesign" name="Relational_1" id="A089C93B-2320-BFDA-2B72-25DEAEF19DD4" mainViewID="A5CB59C7-8EE1-7CE6-F673-0A2F6FBAF918">
<createdBy>labsfiap</createdBy>
<createdTime>2024-09-23 11:41:51 UTC</createdTime>
<ownerDesignName>aula05desafio</ownerDesignName>
<shouldBeOpen>false</shouldBeOpen>
<selectedRDBMSSite>32076570-2523-435C-2E92-BF29817DFF70</selectedRDBMSSite>
</relationalModel>